pid,YEAR,tech,com
EP0102219A2,1983,Acceleration/deceleration device,Fanuc Ltd.
EP0583487A1,1992,braking action,Siemens Aktiengesellschaft
EP0743579A2,1996,robot,Siemens Aktiengesellschaft
EP1366867A2,2003,avoiding collision robots and others,KUKA Roboter GmbH
KR100218106B1,1997,robot arm,SAMSUNG ELECTRONICS CO LTD
US1027775,1911,balance system,Company Of Deseniss & Jacobi Actiengesellschaft
US1040378,1911,electric signal system,Gisholt Machine Co
US1042692,1912,motor control,Gen Electric
US1042693,1912,motor control,Gen Electric
US1044379,1910,roller machine,George Habig
US1074424,1908,magnetic device,"Samuel M Kintner, Halsey M Barrett"
US1077725,1912,motor control,Gen Electric
US1111033,1914,signal system,Postal Telegraph Cable Company
US1123067,1910,remote control,Siemens Ag
US1126826,1912,electric signal,Siemens Ag
US1126899,1914,motion converting device,"Christ Specht, Thomas Williams"
US1154252,1915,frequency control system,Absalom M Kennedy
US1155124,1913,signal machine,Submarine Wireless Company
US1166126,1914,machine ,George O Gridley
US1172058,1912,automatic system,Emanuel Scheyer
US1217572,1916,machine,Clarence C Craley
US1238101,1916,plastic,Crew Levick Company
US1271603,1914,automatic control,Nat Binding Machine Company
US1274698,1913,gaging machine,Westinghouse Electric & Mfg Co
US1295572,1918,radio system,Charles Engelhard
US1298302,1914,measure device,Bemiss N Davis
US1300191,1919,recording system,George D Pogue
US1320580,1917,set up device,American Rubber company
US1322352,1914,automatic lathe,L. Schellenbach
US1338761,1915,time control system,Koehring Machine Company
US1340573,1918,navigation machine,Joseph A Steinmetz
US1343554,1919,groove machine,William F Fischer
US1346493,1915,sign system,"Hammond William P, Quincy Moses Edmund"
US1347695,1919,pantograph,George Gillespie
US1350899,1918,electrical system,Gen Electric
US1364078,1918,telegraphic,Cushing Crehore Albert
US1370540,1919,counter system,Hussey Charlie F
US1373586,1919,grinding machine,Barnes William O
US1381752,1919,automatic lathe,Scheyer Rmanuel
US1382821,1920,power hammer,Chicago Pneumatic Tool Co
US1407078,1916,wegith control system,Murray Howard J
US1416594,1920,tele control,Western Union Telegraph Co
US1418739,1917,oscilliator,Western Electric Co
US1431627,1919,remote control,Bristol Company
US1444242,1921,spacing control,Faust Albert A
US1444505,1921,counting system,Shawmut Eng Co
US1453555,1920,electric control,Gen Electric
US1455795,1920,controlling production process,Lloyd Logan
US1459730,1919,register system,Harris Frank C
US1460569,1920,electric elevator system,Brodesser Peter H
US1474673,1922,attachment lathe,Husted Monroe G
US1476538,1923,ELECTROnic control system,Evershed Vignoles Ltd
US1485154,1924,guage control,C E Johansson Inc
US1492319,1921,measure depth,Copeland Clint M
US1503824,1920,hasaiohic,Wsstsrbt Slectsic compaht
US1508796,1921,adjusting distance gun system,Siemens Ag
US1515995,1920,electric multiplying machine,Int Time Recording Co Ltd
US1542038,1916,telautograph device,Day Albert V T
US1542127,1924,portalble electric saw,Hastings Charles B
US1552321,1922,thermionic valve,Norman Lea
US1554698,1923,surge preventer,Gen Electric
US1554980,1923,calibrate motion,Gen Electric
US1559992,1922,radio system,Drahtlose Telegraphie M B H Ha
US1562917,1925,indicate device,Anschuetz & Co Gmbh
US1564872,1922,airplane control,William H Mcmullen
US1569325,1922,radio system,Drahtlose Telegraphie Gmbh
US1573850,1921,measuring factors,Naiman Julius M
US1587122,1921,electric switching,Western Electric Co
US1589933,1925,cameograph,Giuseppe Bontempi
US1593164,1924,electric sign control,Siemens Ag
US1600204,1924,angular motion,Gen Electric
US1607182,1924,indicate device,Baker Walter W
US1608527,1921,facsimile system,Western Electric Co
US1614147,1926,automatic system,Gen Electric
US1620020,1923,condenser,Amsco Products Inc
US1620374,1925,electric saw,Maloney Edward J
US1624156,1925,film projector,Wyko Projector Corp
US1637080,1924,signaling system,Kesses Charles H
US1640325,1925,communication system,Western Union Telegraph Co
US1641946,1925,dielectric condensor,Howard J Murray
US1643721,1927,cincinnati,Henry A. Meyer
US1648008,1925,electric handsaw,Holland Furnace Co
US1652715,1925,dispense machine,Mike Kligman
US1654238,1927,remote control,Chandler Edward F
US1661217,1926,electric handsaw,Fred Farrell
US1661651,1927,electric control,Union Switch & Signal Co
US1669107,1927,automatic control,Gen Electric
US1669112,1924,electric control system,Gen Electric
US1683581,1924,electric machine,Keller Mechanical Engineering
US1684137,1925,motor control,Gen Electric
US1686327,1924,tele control,Elek Sche App Mit Beschraenkte
US1690279,1925,visual interpretatoin,Edward B. Craft
US1696512,1924,indicate device,White Louis A
US1698290,1925,oscillation,Gen Electric
US1700114,1925,polishing machine,Claude H Thompson
US1700115,1926,polishing machine,Claude H Thompson
US1703280,1922,stabilizer,Nicolai Minorsky
US170538,1875,tuning carriage,F One
US1706731,1924,photoelectric control,Jr John Hays Hammond
US1711290,1924,electric tracer control,Keller Mechanical Engineering
US1712763,1926,telegrphic signal,Louis Hamel Charles
US1718499,1925,color display,Thomas Marguerite C
US1719535,1921,wireless telephone,Rca Corp
US1722152,1927,electric control system,Gen Electric
US1723499,1924,computing system,Tabulating Machine Co
US1724057,1925,radio control system,American Telephone & Telegraph
US1726643,1918,indicate device,Helge A Borresen
US1727575,1927,frequency control,Wired Radio Inc
US1728311,1927,electrical control system,Bell Telephone Labor Inc
US1729595,1927,distance measure device,Harvey C Hayes
US1730283,1927,control system,Westinghouse Electric & Mfg Co
US1732635,1927,strip system,Nashua Gummed & Coated Paper C
US1732636,1928,strip system,Nashua Gummed & Coated Paper
US1733614,1927,frequency control system,Bell Telephone Labor Inc
US1738344,1928,control system,Gen Electric
US1739465,1923,automatic cut system,Jorgensen & Co A
US1742902,1925,radio communication system,Western Electric Co
US1743175,1926,traffic control system,Westinghouse Electric & Mfg Co
US1744835,1925,frequency control system,American Telephone & Telegraph
US1747664,1929,automatic machine,Droitcour Howard Andrew
US1749842,1928,electric control,Krupp Ag
US1754878,1925,radio system,Edward F Colladay
US1755975,1927,indicate device,Gen Electric
US1756915,1926,single eccentric weight,Gen Motors Res Corp
US1762725,1928,indicate device,Bell Telephone Labor Inc
US1768966,1924,machine trasmission,Ford Instr Co Inc
US1771445,1928,telegraphy system,American Telephone & Telegraph
US1771446,1928,telegraphy system,American Telephone & Telegraph
US1771551,1928,transformer,Robert Strohschneider
US1777796,1927,tuning system,Hubbell Leroy S
US1779923,1927,rotary motion device,Emanuel Wagner
US1787550,1928,electric control,Union Switch & Signal Co
US1788533,1927,frequency control,Bell Telephone Labor Inc
US1789804,1927,saw,Irwin Rosenthal
US1790722,1934,photo,R. H. Ranger
US1798044,1928,remote control,Giacomo Somajni
US1800760,1929,remote control,Sleeper Res Lab Inc
US1818963,1930,speed control,Gen Electric
US1819868,1924,electric control system,Gen Electric
US1825345,1927,gyro,Schneider & Cie
US1826762,1924,ratio recorder,Bernard S Franklin
US1826963,1929,induction motor,Cutler Hammer Inc
US1827586,1930,vibrating mechanism,Walter L Keefer
US1831614,1930,gear,Six
US1844243,1931,motor control,Cutler Hammer Inc
US1844950,1929,automatic control,Rca Corp
US1847105,1926,electric registering,Republic Flow Meters Co
US1849518,1929,power supply system,Frazer W Gay
US1849642,1930,motion control system,Max Schenker
US1850640,1920,sync transmssion system,Sperry Gyroscope Co Inc
US1853284,1927,visual interpretation,Norman I Prosser
US1855509,1929,radio system,Crosley Radio Corp
US1862327,1930,recording system,Rca Corp
US1866838,1930,radio control system,Victor C Thorne
US1868507,1930,portable sander,Freed A
US1869209,1931,thermer measure,Gen Electric
US1871710,1929,metering system,Westinghouse Electric & Mfg Co
US1873842,1929,frequency control system,Wired Radio Inc
US1877605,1931,motor control system,Honeywell Regulator Co
US1882010,1927,signaling system,Associated Electric Lab Inc
US1883163,1929,remote control system,Bell Telephone Labor Inc
US1886616,1931,recording system,Addison Invest Company
US1887460,1929,dispense machine,Nelson John H
US1890877,1930,electric signal system,Teleregister Corp
US1893009,1929,calculator,Bethlehem Steel Corp
US1893205,1930,guage control,New Departure Mfg Co
US1894025,1927,guage control,Western Electric Co
US1896052,1930,hydraulic,Oilgear Co
US1896805,1930,radio system, Sperry Gyroscope Co Inc
US1898477,1929,fading elimination,Telefunken Gmbh
US1901628,1929,electric device,Westinghouse Electric & Mfg Co
US1909471,1928,electric timing device,Stirlen Engineering & Res Corp
US1910254,1929,sound record,Bell Telephone Labor Inc
US1911178,1930,control system,Bbc Brown Boveri & Cie
US1912707,1929,printing machine,James H Harriman
US1913200,1931,ocsillograph,Gen Electric
US1916997,1927,calculator,Tabulating Machine Co
US1921983,1930,gyro,Sperry Gyroscope Co Inc
US1924003,1931,cutting machine,Pratt & Whitney Co
US1925904,1928,guage control,Goodrich Co B F
US1926875,1932,modulator,Beil Telephone Lab Inc
US1927702,1932,computer device,Int Communications Lab Inc
US1928093,1927,signal system,Coyle Harold B
US1928812,1930,electric control system,Westinghouse Electric & Mfg Co
US1930155,1931,hydraulic press,Oilgear Co
US1930159,1928,radio remote control system,Crilly William P
US1930278,1928,ocsillograph,Bell Telephone Labor Inc
US1930609,1932,signaling system,American Telephone & Telegraph
US1931873,1931,frequency control,Bell Telephone Labor Inc
US1932589,1932,frequency control system,American Telephone & Telegraph
US1934753,1928,trans facsimiles,Ernest Wildhaber
US1936153,1928,electric transmission system,Bell Telephone Labor Inc
US1936947,1931,telegraph system,Western Union Telegraph Co
US1938684,1931,testing machine,Bell Telephone Labor Inc
US1938781,1931,milling machine,Cincinnati Milling Machine Co
US1939443,1931,regulator system,Westinghouse Electric & Mfg Co
US1939706,1931,gun system,Karnes James C
US1942209,1932,machine tool,Brown & Sharpe Mfg
US1942602,1929,radio system,Wired Radio Inc
US1945496,1932,press actuate machine,Cushman Chuck Company
US1946531,1930,electric signal system,Teleregister Corp
US1947249,1930,telegraphy system,Vannevar Bush
US1948185,1931,shock absorber,Padgett Joseph E
US1949509,1929,cutting machine,Int Register Co
US1950011,1931,recording system,Wired Radio Inc
US1951523,1930,electric control system,Communications Patents Inc
US1951733,1929,power controller,Products Prot Corp
US1954142,1931,control system,Gen Electric
US1955322,1932,motor control,Westinghouse Electric & Mfg Co
US1956581,1932,reproduce machine,Marguerite Krebs
US1957672,1928,telephone system,Associated Electric Lab Inc
US1958258,1931,automatic machine,Gen Electric
US1959178,1933,tracker control,Cincinnati Milling Machine Co
US1959298,1933,regulator system,Westinghouse Electric & Mfg Co
US1960945,1930,strip system,Krueger Theodore H
US1962943,1932,control system,Gen Electric
US1963600,1930,signaling system,Associated Electric Lab Inc
US1965377,1931,regenerator unit,Teleregister Corp
US1966077,1931,surge abstorbing system,Radio Patents Corp
US1967255,1928,lubricant process,William B D Penniman
US1969500,1933,crank ,Timken Roller Bearing Co
US1971313,1933,indicate device,Lewis Eng Co
US1973279,1933,electric control,Westinghouse Electric & Mfg Co
US1974207,1929,movement system,Morris Goldstein
US1974642,1928,cutting machine,Int Register Co
US1975023,1933,remote control system,Paul Duclos Ets
US1975791,1928,typewriter actuator,Edwin Hopkins
US1976400,1931,cathode ray scanning,Telefunken Gmbh
US1977536,1932,electrical control system,Tubbs Ernest A
US1977624,1930,position control system,Arma Engineering Co Inc
US1977997,1931,control system,Rca Corp
US1980146,1933,time control system,Philips Nv
US1980585,1933,radio control system,Hygrade Sylvania Corp
US1981224,1932,automatic position machine,Associated Patents Inc
US1982216,1933,sorting machine,Ibm
US1983229,1933,displacement control,G & J Weir Ltd
US1986915,1933,hydraulic system,James Leffel And Company
US1992055,1932,photoelectric,Gen Electric
US1992727,1928,electric phonograph,American Telephone & Telegraph
US1992945,1930,order device,Teleregister Corp
US1993413,1932,electric control,Clark Controller Co
US1994232,1933,frequency control system,Jr Oscar H Schuck
US1994757,1931,controll physical change,Florez
US1996665,1933,vend dispense machine,Charles Walker
US1998938,1932,electronic control system,Gen Electric
US1998939,1934,contouring device,Gen Electric
US1999378,1932,television system,Rca Corp
US2000678,1932,CONDENSOR,Rca Corp
US2002353,1932,remote control,Fed Telegraph Co
US2002374,1930,control system,Gen Electric
US2003968,1931,telegraphy system,Bell Telephone Labor Inc
US2004294,1931,automatic volume control,Rca Corp
US2004613,1935,phase shifting,Bell Telephone Labor Inc
US2005018,1931,hydraulic machine,Lapointe Machine Tool Co
US2005153,1931,sync system,Communications Patents Inc
US2005425,1931,recording system,Kwartin Bernard
US2006737,1935,flash device,Westinrhonse Electric a Manufacturing Com
US2007577,1933,remote control,LAB Corp
US2008399,1934,back arc,Westinghouse Electric & Mfg Co
US2008623,1933,fluid meter,Mcgogy Donald H
US2008909,1929,signal system,Associated Electric Lab Inc
US2010158,1930,signaling system,Teletype Corp
US20110066282,2009,collision avoidance scheme,"Harris Corporation, Corporation Of The State Of Delaware"
US20110172819,2011,manipulator control,"Samsung Electronics Co., Ltd."
US2012249,1933,automatic position machine,Cincinnati Milling Machine Co
US20130325030,2013,collision avoidance scheme,"Intuitive Surgical Operations, Inc."
US2013649,1930,clutch,Colman Howard D
US20150005785,2016,robot arm collision,"St. Jude Medical, Atrial Fibrillation Division, Inc."
US2017920,1935,printing machine,Nat Postal Meter Company
US2018268,1931,indicate device,Westinghouse Electric & Mfg Co
US2018399,1932,guage control,Western Electric Co
US2018720,1935,electronic control system,Cutler Hammer Inc
US2018820,1932,frequency control,Rca Corp
US2020868,1930,boring machine,W F & John Barnes Company
US2021099,1933,electric control system,Gerald Alan S Fitz
US2021743,1930,signaling system,Communications Patents Inc
US2023221,1929,remote control system,Siemens Ag
US2023436,1933,arrangement current,Telefunken Gmbh
US2025218,1929,remote control for radioreceiver,Fed Telegraph Co
US2025748,1932,pattern control,Atlantic Prec Instr Company
US2025978,1932,electric switching,Getty Fred I
US2026330,1932,reading machine,Gustav Tausch
US2029335,1933,control machine,Ingersoll Milling Machine Co
US2031503,1930,light cell control,Griffith Rainey Alexander
US2031639,1933,modulator,Rca Corp
US2032597,1933,automatic lathe,Pratt & Whitney Co
US2032598,1934,automatic lathe,Pratt & Whitney Co
US2034708,1934,remote control system,Bell Telephone Labor Inc
US2034738,1932,radio system,Rca Corp
US2036983,1935,sync system,Gen Electric
US2041245,1933,signaling system,Radio Res Lab Inc
US2043923,1934,lubricant process,Alox Corp
US2044618,1933,electronic control system,Gen Electric
US2046328,1930,printing telegraph system,Teletype Corp
US2047922,1933,gyro,Nl Tech Handel Mij Giro
US2048081,1933,communication system,Riggs Alger S
US2048192,1932,counting system,Marston Curtis A
US2049376,1932,electrical system,Gen Electric
US2050059,1934,relay system,Rca Corp
US2050629,1934,electric tele control,Leeds & Northrup Co
US2052255,1932,control system,Gen Electric
US2052263,1932,control system,Gen Electric
US2052539,1928,electric indicate system,Teleregister Corp
US2055031,1930,control system,Prosperity Co Inc
US2055309,1931,communication system,George Ramsey
US2055363,1929,remote control,Stromberg Carlson Telephone
US2056769,1934,electric control system,Siemens Ag
US2057111,1933,telegraphy system,Teletype Corp
US2057820,1932,cutting and profiling,Air Reduction
US2058114,1932,frequency control,Rca Corp
US2061734,1934,signaling system,Rca Corp
US2064454,1931,machine speed control,Sperry Gyroscope Co Inc
US2066617,1936,dispense machine,Nashua Gummed & Coated Paper
US2066619,1936,dispense machine,Nashua Gummed & Coated Paper
US2066949,1936,navigation machine,Gen Electric
US2067145,1932,traffic control system,Gen Railway Signal Co
US2068293,1930,electric machine,American Telephone & Telegraph
US2071180,1935,electric control,Niles Bement Pond Co
US2076335,1933,slsecting device,Meaf Mach En Apparaten Fab Nv
US2078667,1935,automatic control system,Westinghouse Electric & Mfg Co
US2079429,1930,interpretating card,Ibm
US2079837,1935,power mechanism,Buckley Arthur H
US2080186,1934,remote control,Reymond Henry Claude
US2082607,1936,electric system,Gen Electric
US2085442,1935,remote control system,Newell Arthur B
US2087039,1932,counting system,G M Lab Inc
US2087667,1934,computer device,Pennsylvania Railroad Co
US2087782,1934,speed control,Rossman Engineering Company
US2088654,1935,position control system,Sperry Gyroscope Co Inc
US2088659,1933,phase shifting,Sperry Gyroscope Co Inc
US2089441,1934,telemetric device,Builders Iron Foundry
US2089936,1932,counter system,Ahlburg Frank
US2091152,1936,ocsillograph,Gen Electric
US2091562,1935,air conditioning,B F Sturtevant Co
US2092142,1936,automatic system,Schuz Hans
US2092442,1936,communication system,Cameron Colwell Robert
US2093197,1933,electric control system,Bbc Brown Boveri & Cie
US2094777,1929,selective control system,Morris Goldstein
US2095730,1929,computing system,Associated Electric Lab Inc
US2096954,1930,computing system,Associated Electric Lab Inc
US2097392,1936,electronic control system,Finch William G H
US2098051,1936,oscillation,Gen Electric
US2098227,1934,telegraphy system,Csf
US2098587,1931,automatic radio control,Markowitz Jesse
US2098695,1934,electrocardiograph,Southwick Laurence F
US2098872,1933,electric control,"Bur Arnold G, Heins Rudolf J, Krippner Philip G"
US2099065,1935,distributor device,American Telephone & Telegraph
US2100375,1936,gain control,Bell Telephone Labor Inc
US2100934,1936,airplane control,Eclipse Aviat Corp
US2101754,1937,carraige control,Anna M Randall
US2103297,1931,computing system,Associated Electric Lab Inc
US2104200,1936,weld control,Smith Corp A O
US2104690,1936,electric valve,Gen Electric
US2104801,1934,frequency control,Rca Corp
US2105016,1936,telephone system,Associated Electric Lab Inc
US2106342,1936,electric discharge,Bell Telephone Labor Inc
US2108025,1930,hydraulic machine,Niles Bement Pond Co
US2108146,1930,ratio computer,Automatic Telephone & Elect
US2111607,1935,telephone system,Bell Telephone Labor Inc
US2111643,1935,seismometer,Western Geophysical Company
US2113011,1936,thermionic valve,Emi Ltd
US2113164,1932,record and reproduce,Leeds & Northrup Co
US2113165,1935,speed control,Rca Corp
US2113214,1936,frequency control system,Rca Corp
US2114013,1935,valve control,Ball Russell C
US2114330,1934,divider,Bristol Company
US2115086,1933,remote control,Sperry Gyroscope Co Inc
US2115834,1932,motor control,Taylor Instrument Co
US2116593,1934,cutting or milling machine,Western Electric Co
US2117752,1936,harmonic,Bell Telephone Labor Inc
US2118944,1934,control system,Western Electric Co
US2120882,1935,modulator,Stuart Ballantine
US2122464,1932,electrical control system,Associated Electric Lab Inc
US2123142,1932,calculating device,G M Lab Inc
US2124906,1938,computing machine,Ibm
US2125584,1937,adjusting device,Rotzoll Erich
US2126910,1935,electrical control system,Sperry Gyroscope Co Inc
US2127687,1930,propeller,American Propeller Company
US2128361,1934,electric system,Cutler Hammer Inc
US2129049,1938,milling machine,Gray & Co G A
US2129920,1936,electric control system,Gerald Alan S Fitz
US2130172,1936,radio system,Armstrong Edwin H
US2131759,1937,machine control,Submarine Signal Co
US2132213,1936,recording system,Bell Telephone Labor Inc
US2132654,1934,electrical control system,Rca Corp
US2133161,1937,electric power control,Clark Controller Co
US2133456,1936,telegraphy system,Bell Telephone Labor Inc
US2134118,1930,automatic monitoring,Int Standard Electric Corp
US2134743,1936,position control system,Ingersoll Milling Machine Co
US2134901,1936,electric control,Republic Flow Meters Co
US2134982,1935,train system,Gen Railway Signal Co
US2137545,1936,circuit detector,Firm Of Fernseh Ag
US2137847,1936,moving machine,Gen Electric
US2138862,1936,utility tool,Walter E Johnston
US2139057,1932,radio system,Washington Inst Of Technology
US2139079,1928,translator,Teleregister Corp
US2139558,1935,gyro,Sperry Gyroscope Co Inc
US2140138,1937,impulse measure system,Bell Telephone Labor Inc
US2141237,1935,electric telegrphy,Commercial Cable Company
US2142602,1936,phtoelectric control,Blethen Fredrick W
US2142882,1938,contouring device,Sellers William & Co Inc
US2143035,1935,distance measure device,Submarine Signal Co
US2144337,1936,electrical device,Rca Corp
US2144735,1936,machine tool,Sundstrand Machine Tool Co
US2146876,1937,transmission system,Rca Corp
US2147728,1937,phase shifting,Bell Telephone Labor Inc
US2148026,1934,tape serve machine,Krueger Theodore H
US2148267,1935,radio system,Henri Honore Etienne Augustin
US2148578,1935,signal system,Bell Telephone Labor Inc
US2150032,1937,machine speed control,Vickers Inc
US2150776,1935,traffic anallyzer,Gen Electric
US2150813,1938,valve control,Ball Russell C
US2152336,1937,remote control,Philips Nv
US2154252,1936,routing machine,Shilkoff
US2154354,1937,regulator system,Russell Ranson
US2154492,1936,radio signal system,Rca Corp
US2155229,1936,protective system,Gen Electric
US2155267,1937,foil guage,Gen Electric
US2158285,1937,impulse measure system,Rca Corp
US2158584,1935,navigation machine,Siemens App & Maschinen Gmbh
US2162491,1937,tracer machine,Rosen Oscar E
US2163632,1936,rotation control,Submarine Signal Co
US2164032,1930,radio system,Day Albert V T
US2164728,1936,electric control,Republic Flow Meters Co
US2165733,1935,counter system,Veeder Root Inc
US2165800,1937,navigation machine,Rca Corp
US2165892,1935,telemetric device,American Telephone & Telegraph
US2166316,1937,train system,Union Switch & Signal Co
US2166688,1937,television system,Rca Corp
US2166785,1937,sync system,Gen Electric
US2166824,1936,temperature control,Gen Electric
US2167189,1937,machine tool,Verderber Joseph
US2167484,1938,follow up control,Gen Electric
US2168047,1936,electric control,Bell Telephone Labor Inc
US2168460,1935,signaling system,Ibm
US2169026,1938,cutter register,Westinghouse Electric & Mfg Co
US2169135,1938,hydraulic device,Brandenberger Heinrich
US2170087,1936,indicate device,Harry L Mcpherson
US2170751,1937,frequency control system,Gabrilovitch Leonide
US2171151,1936,modulator,Telefunken Gmbh
US2172313,1935,automatic control,Union Carbide & Carbon Corp
US2172354,1936,signaling system,Emi Ltd
US2173921,1936,welding timer,Cutler Hammer Inc
US2175009,1938,electric control,Gen Electric
US2175320,1938,remote control,Telefunken Gmbh
US2175573,1936,electric beam,Telefunken Gmbh
US2176742,1936,frequency control,Gen Electric
US2178131,1938,copying machine,Deckel Friedrich
US2178333,1938,gain control,Bell Telephone Labor Inc
US2179690,1936,telemetric device,Western Union Telegraph Co
US2179822,1937,balacne computer,Lewis W Imm
US2179915,1938,gain control,Bell Telephone Labor Inc
US2181682,1930,electric indicate system,Teleregister Corp
US2182555,1937,frequency control system,Telefunken Gmbh
US2183725,1937,remote control system,Rca Corp
US2185199,1938,keying system,Rca Corp
US2185363,1937,thermionic valve,Emi Ltd
US2185367,1937,thermer valev control,Emi Ltd
US2185693,1938,signaling system,Bell Telephone Labor Inc
US2186268,1937,recording system,Westinghouse Electric & Mfg Co
US2187364,1936,airplane control,Paulin Jean Pierre Ratie
US2189898,1933,communication system,Bell Telephone Labor Inc
US2191997,1938,measure and control,Brown Instr Co
US2192217,1930,computing system,Associated Electric Lab Inc
US2193606,1937,photosensitive,Westinghouse Electric & Mfg Co
US2193850,1938,oscillation,Telefunken Gmbh
US2195006,1938,register control,Westinghouse Electric & Mfg Co
US2196385,1938,navigation machine,Florez De
US2198248,1936,communication system,Rca Corp
US2199547,1932,recording system,Ibm
US2199634,1938,communication system,Rca Corp
US2199820,1937,radio system,Bell Telephone Labor Inc
US2201174,1938,automatic airplane,Sperry Gyroscope Co Inc
US2203468,1938,time control system,Rca Corp
US2203689,1937,record and control,Foxboro Co
US2204290,1938,automatic control,Robert Alkan
US2204438,1937,navigation machine, Neufeld Jacob
US2205555,1938,treadle circuit,Benjamin Cooper
US2206852,1935,testing machine,Illinois Tool Works
US2207709,1935,radio system,Sperry Gyroscope Co Inc
US2207743,1935,tele control,Teletype Corp
US2207744,1937,coding mechanism,Teletype Corp
US2208378,1938,indicate radio purpose,Rca Corp
US2208635,1939,displacement control,Axel H Johnson
US2209395,1937,signal system,Ibm
US2209507,1939,sync system,Du Mont Allen B Lab Inc
US2210574,1938,signal system,Ibm
US2211942,1938,electrical signal control,Emi Ltd
US2212799,1938,harmonic analyzer,Sperry Arthur B
US2212967,1938,television system,Emi Ltd
US2213108,1934,painting machine, Pollard Jr Willard Lacey Georg
US2213246,1937,magnetic sound recording,Herman S Heller
US2213941,1938,signaling system,Bell Telephone Labor Inc
US2215776,1937,cathod ray system,Int Standard Electric Corp
US2216454,1938,volume control,Telefunken Gmbh
US2218818,1937,hydraulic machine,Vickers Inc
US2220872,1939,motion converting,Petco Inc
US2221516,1937,thickness control system,Gen Electric
US2221517,1938,electric control,Gen Electric
US2222947,1939,control system,Brown Instr Co
US2224646,1937,electric control system,"William F Friedman, Vernon E Whitman"
US2224677,1939,signaling system,Bell Telephone Labor Inc
US2225680,1937,impulse system,Boswau Hans P
US2226677,1936,automatic machine,Vikhman Victor
US2227285,1938,welding controller,Cutler Hammer Inc
US2228843,1937,electric valve,Gen Electric
US2228902,1932,automatic machine,Foxboro Co
US2229326,1937,sound record,Heller Herman S
US2229449,1937,phase shifting,Gen Electric
US2230502,1938,electrical system,Sperry Sun Well Surveying Co
US2230681,1937,telephone system,Teleregister Corp
US2232993,1938,wire drawing machine,Nat Standard Company Inc
US2233415,1937,position control system,Sperry Gyroscope Co Inc
US2235385,1939,welding,Alexander Rava
US2235826,1936,airplane control,Sperry Gyroscope Co Inc
US2236532,1937,freqeuency control,Gibbs Thomas B
US2237655,1938,television system,Rca Corp
US2238249,1938,phase shifting,Rca Corp
US2239287,1940,cutting machine,Int Register Co
US2239310,1940,counter system,Bendix Aviat Corp
US2239776,1939,modulator,Hazeltine Corp
US2240184,1938,electric gauge,Gen Electric
US2240428,1936,electrical control system,Philco Radio & Television Corp
US2241156,1938,selecting system,Stromberg Carlson Telephone
US2242897,1939,control system,Westinghouse Electric & Mfg Co
US2243584,1940,voltage  regulation,Gen Electric
US2244500,1938,telephone system,Bell Telephone Labor Inc
US2245829,1937,remote control system,Rca Corp
US2245894,1939,size controll,Bryant Grinder Corp
US2247468,1940,automatic circuit,"Barr, Robert J Thorn, Ulrich"
US2247562,1940,thruster,B A Wesche Electric Company
US2248182,1940,vibratory motion,Mateer Edward W
US2248442,1939,radio system,Rca Corp
US2248937,1929,tele system,Associated Electric Lab Inc
US2249753,1939,electric control,Elliott Harold F
US2249820,1939,register control,Finn H. Guiilksen
US2250102,1940,condensor charge system,Raytheon Mfg Co
US2250209,1939,control system,Gen Electric
US2250241,1939,hydraulic device,Starrfrasmaschinen A G
US2250284,1938,frequency control,Rca Corp
US2252293,1939,modulation system,Bell Telephone Labor Inc
US2252457,1940,relay system,Vannevar Bush
US2252766,1940,signal system,Bell Telephone Labor Inc
US2253508,1940,navigation machine,"Barbulesco Constantin D, Crane Carl J"
US2253654,1937,remote control system,Telefunken Gmbh
US2254812,1940,guage control,Sheffield Corp
US2255739,1938,machine tool,Potter & Johnston Machine Comp
US2255814,1937,distributor device,Jean A Roche
US2256482,1936,data control system,Sperry Gyroscope Co Inc
US2256487,1936,data transformer,Sperry Gyrescope Company Inc
US2257203,1940,proportion control, Leo M Harvey
US2257757,1937,radio system,Sperry Gyroscope Co Inc
US2258859,1939,analyze curve,Leon V Mitelman
US2258912,1939,dispense machine,H. Steen
US2258943,1938,sync system,Rca Corp
US2259329,1940,vaper electric device,Westinghouse Electric & Mfg Co
US2259472,1939,machine copying,Bailey Meter Co
US2261644,1940,curve tracker,Gen Electric
US2262354,1938,control system,Brown Instr Co
US2262362,1939,register regulator,Westinghouse Electric & Mfg Co
US2262838,1938,signaling system,Int Standard Electric Corp
US2264067,1939,resistance control system,Gen Electric
US2264333,1939,machine speed control,Submarine Signal Co
US2264608,1940,radio system,Edwin H Armstrong
US2264615,1939,photographic recorder,Ibm
US2265216,1939,multiplex telephone system,Hartford Nat Bank & Trust Co
US2266401,1938,signaling system,Int Standard Electric Corp
US2266668,1938,frequency control system,Nat Television Corp
US2266862,1940,counting system,Hardey Virgil S
US2267827,1939,signaling system,Bell Telephone Labor Inc
US2267950,1940,telephone system,Bell Telephone Labor Inc
US2267986,1939,follow up control,Mackavanagh Thomas J
US2268001,1939,television system,Fernseh Gmbh
US2268859,1937,impulse control system,Zwietusch E & Co Gmbh
US2269501,1937,traffic counting,Streeter Amet Co
US2269643,1941,cutting machine,Messer & Co Gmbh
US2270246,1940,telephone system,Bell Telephone Labor Inc
US2270991,1938,meter,Kurman Electric Co
US2272070,1939,electric signal system,Int Standard Electric Corp
US2273191,1939,measure and control,Brown Instr Co
US2273193,1938,frequency control system,Bell Telephone Labor Inc
US2274992,1940,time control system,Guardian Electric Mfg Company
US2275016,1939,control system,Rca Corp
US2275017,1940,signaling system,Mcnaney Joseph T
US2275317,1939,measure control,Bailey Meter Co
US2275460,1939,electric beam,Page Robert M
US2276665,1940,telephone system,Bell Telephone Labor Inc
US2277000,1940,sync system,Philco Radio & Television Corp
US2277027,1940,telematric,West Instr Co Inc
US2278430,1940,condensor charge system,Raytheon Mfg Co
US2278654,1938,inductor,Western Union Telegraph Co
US2279018,1939,sound record,Rca Corp
US2279338,1937,cutting machine,Oxweld Acetylene Co
US2279646,1939,spectral analysis,Smith Frank P
US2280019,1940,remote control system,Aga Baltic Radio Aktiebolag
US2281396,1940,selecting circuit,Bell Telephone Labor Inc
US2281405,1938,transmission system,"Barrish George, Barrish Robert Lloyd"
US2281641,1940,rotary motion,Frederick Toop
US2282046,1939,signaling system,Rca Corp
US2282728,1940,attachment drills,Kern Joseph W
US2283240,1939,contouring device,Merco Trinkle Machine Co
US2283383,1940,signaling system,Joseph T Mcnaney
US2283476,1939,electronic tele control,Ver Deutsche Metallwerke Ag
US2283754,1939,automatic airplane,Sperry Gyroscope Co Inc
US2284101,1940,impulse generator,Rca Corp
US2284415,1939,relay system,Rca Corp
US2284870,1940,telephone system,Bell Telephone Labor Inc
US2285540,1939,control system,Leeds & Northrup Co
US2286561,1939,automatic airplane,Smith & Sons Ltd S
US2286571,1938,position control system,Pollard Willard L V
US2288025,1940,radio system,Bell Telephone Labor Inc
US2288102,1940,radio system,Smith & Sons Ltd S
US2288628,1939,electric phase shifing,Lee Frederick W
US2289987,1940,electronic keying,Rca Corp
US2292835,1941,electric system,Gerard Hepp
US2293177,1940,electronic control system,Beil Telephone Lab Inc
US2293433,1940,tape serve machine,Nashua Gummed & Coated Paper
US2294209,1938,radio system,Gen Electric
US2294457,1940,selective system,Bell Telephone Labor Inc
US2294620,1939,rotary printing,Asea Ab
US2294734,1941,recording system,Ibm
US2295000,1938,rapid calculator,Eastman Kodak Co
US2295388,1939,automatic contorl system,Westinghouse Electric & Mfg Co
US2295960,1940,measure control,Brown Instr Co
US2295968,1940,counter system,Production Instr Co
US2297876,1941,control system,Pickering Governor Company
US2298026,1941,control system,Gen Electric
US2298521,1942,remote control,Frederick Uehling Fritz
US2300505,1940,selective system,Bell Telephone Labor Inc
US2300996,1941,ocsillograph,Emi Ltd
US2300999,1940,electric counting,Westinghouse Electric & Mfg Co
US2301199,1940,facsimile system,Bell Telephone Labor Inc
US2301748,1939,electric signal system,Ass Telephone & Telegraph Co
US2302009,1939,computing device,Ibm
US2302025,1940,computing device,Ibm
US2302049,1938,measure and control,Brown Instr Co
US2302506,1941,milling machine,Richards James H
US2303654,1940,control machine,Honeywell Regulator Co
US2305878,1938,ELECTROnic control system,Adolf Krtissman
US2305930,1940,television system,Rca Corp
US2306230,1942,translator,Gen Electric
US2306386,1941,electronic control system,Columbia Broadcasting Syst Inc
US2306456,1940,measure record,Olive S Petty
US2306729,1941,signal system,Bell Telephone Labor Inc
US2307099,1938,speed telegraph,Rca Corp
US2307503,1938,machine control,Westinghouse Electric & Mfg Co
US2307505,1941,communication system,Ferdinand Heinmets
US2307868,1941,binary counter,Bell Telephone Labor Inc
US2308620,1940,electric control,Lear Avia Inc
US2308778,1939,telephone system,Prince Jr Leon M
US2310105,1941,counter circuit,Gen Electric
US2310438,1941,multiplying device,Ibm
US2310955,1939,measure control,Hornfeck Anthony J
US2311142,1942,precision machine,Genevoise Instr Physique
US2311359,1940,control system,Automatic Signal Corp
US2311455,1940,transmitter,American District Telegraph Co
US2311682,1939,automatic machine,American Can Co
US2313209,1939,communication system,Georges Valensi
US2313627,1940,treadle control system,Benjamin Cooper
US2313989,1941,electrical control system,Niles Bement Pond Co
US2314019,1940,control system,Niles Bement Pond Co
US2315755,1940,radio system,Allen Warner Louis
US2316240,1941,control system,Brown Instr Co
US2318372,1939,operating system,Wrought Washer Mfg Co
US2318591,1937,digital serve,Louis Couffignal Pierre
US2319424,1941,telephone system,Bell Telephone Labor Inc
US2319480,1939,micrometer dial,Kearney & Tecker Corp
US2319622,1940,phnographic device,Miessner Inv S Inc
US2320338,1941,verifying machine,Ibm
US2321269,1941,radio system,Rca Corp
US2321799,1941,radio system,Cone
US2322653,1940,telautograph device,Bell Telephone Labor Inc
US2323977,1941,conditioning machine,Linde Air Prod Co
US2324314,1941,electronic switch,Gen Electric
US2324987,1940,control system,Firestone Tire & Rubber Co.
US2325733,1940,rapid lathe,Monarch Machine Tool Co
US2325764,1939,musical device,Gall Charles C
US2325941,1939,computing machine,Ibm
US2326515,1940,television system,Gen Electric
US2326584,1940,television system,Hartford Nat Bank & Trust Co
US2327239,1941,jigsaw,Herbert R Bartlett
US2328613,1940,polishing machine,Skilsaw Inc
US2329137,1941,deflection generator,Rca Corp
US2330822,1940,follow up control,Ernst Fischer Friedrich
US2331443,1944,lathe,Fischer Ag Georg
US2331698,1939,measure and control,Brown Instr Co
US2332253,1942,radio system,Rca Corp
US2332300,1941,interval system,Gen Electric
US2334543,1942,remote indcation,Rochester Mfg Co Inc
US2334965,1942,washing machine control,Leo M Harvey
US2335163,1941,photoelectric system,Charles Tagliabue Mfg Co
US2336142,1941,airplane gravity,Watson Oliver H
US2336376,1940,phtoelectric control,Ind Scient Corp
US2336492,1939,computing device,Wallace & Tiernan Inc
US2337132,1942,electric control,Rca Corp
US2337589,1940,automatic gear,Britton Chance
US2338395,1940,signal transmission system,Gen Electric
US2338512,1942,telephone circuit,Westinghouse Electric & Mfg Co
US2338991,1940,magnetic control system,Lane Wells Co
US2339194,1941,handling system,Western Electric Co
US2342318,1942,electrical timing circuit,Bell Telephone Labor Inc
US2342753,1941,counting system,Westinghouse Electric & Mfg Co
US2345383,1941,mowing machine,Curtis John S
US2345613,1942,lathe attachment,Lukis Ernest Du B
US2345668,1942,impulse generator,Farnsworth Television & Radio
US2346616,1941,multiplying machine,Ncr Co
US2346869,1941,predetermined control,Production Instr Company
US2347084,1942,sound system,Rca Corp
US2347590,1940,electric control,Eugen Binder
US2348016,1941,countercircuit,Gen Electric
US2348141,1939,computing device,Ibm
US2348401,1942,recording system,Olive S Petty
US2348862,1940,registratoin control,Fred Goat Co Inc
US2349810,1941,countercircuit,Gen Electric
US2349963,1937,measure control,Brown Instr Co
US2349987,1942,signal system,Union Switch & Signal Co
US2350551,1941,electric switching,"Fish Edwin L, Maben Daniel E"
US2352149,1941,strip system,Nashua Gummed & Coated Paper
US2352183,1940,control system,Bullard Co
US2352507,1942,guage control,Sheffield Corp
US2353672,1942,phase shifting,Rca Corp
US2354365,1942,sync system,Aladdin Radio Ind Inc
US2354391,1942,machine control,Arthur R Mccourt
US2354768,1941,electrical counter,United Shoe Machinery Corp
US2357055,1941,speed control,Mydans William E
US2358454,1942,automatic circuit,Rca Corp
US2358746,1942,control machine,Brown & Sharpe Mfg
US2362197,1942,electric stop system,Ford Instr Co Inc
US2363502,1941,sound system,Lee A Collins
US2364210,1942,signaling system,Patelhold Patentverwertung
US2364389,1943,feedback control,Standard Telephones Cables Ltd
US2364873,1937,control device,Rosen Oscar E
US2365365,1941,contouring device,Merco Trinkle Machine Co
US2366543,1942,navigation machine,Smith & Sons Ltd S
US2367042,1941,signaling system,American Telephone & Telegraph
US2367925,1942,sync system,Westinghouse Electric & Mfg Co
US2368408,1942,carraige control,Letourneau Inc
US2369474,1943,translator,Ibm
US2369622,1941,navigation machine,Toulon Pierre Maric Gabriel
US2369783,1940,reciever control,John H Homrighous
US2370727,1942,time control system,Bell Telephone Labor Inc
US2371415,1942,remote control system,Rca Corp
US2371905,1941,phase shifting,Rca Corp
US2372604,1941,dual duplicator,Rosen Oscar E
US2373134,1942,signal system,Bell Telephone Labor Inc
US2373247,1943,time control system,Automatic Elect Lab
US2373332,1944,safety device,Gen Motors Corp
US2373503,1942,mail treat machine,Commercial Controls Corp
US2373504,1943,aircraft distribution,York Res Corp
US2374439,1941,indicate device,Leo M Herkert
US2374817,1943,electric system,Int Standard Electric Corp
US2375665,1942,electric position,Genevoise Instr Physique
US2378326,1944,frequency control system,Gen Railway Signal Co
US2378383,1942,translator,Brush Dev Co
US2379072,1942,motor control,Cutler Hammer Inc
US2380894,1928,communication system,Barber Colman Co
US2381826,1942,indicate wave light,Gen Aircraft Equipment Inc
US2381920,1944,telemetric device,Bell Telephone Labor Inc
US2381928,1942,frequency control,Rca Corp
US2382787,1943,strip system,Nashua Gummed & Coated Paper
US2382994,1943,electric control,Bell Telephone Labor Inc
US2383901,1942,power trans machine,Gen Motors Corp
US2385086,1943,electric control,Hartford Nat Bank & Trust Co
US2385334,1941,calculator, Peter Davey
US2386049,1943,frequency control system,Gen Electric
US2386892,1942,amplipier or oscilliator,Automatic Elect Lab
US2387444,1941,remote control system,Wurlitzer Co
US2388555,1943,tracker control,Gen Electric
US2388727,1942,glossmeter,Interchem Corp
US2389275,1942,telemetric device,Automatic Elect Lab
US2389368,1944,control system,Westinghouse Electric Corp
US2390415,1944,record control,Ibm
US2393060,1943,control system,Westinghouse Electric Corp
US2393186,1942,register printer device,Gen Electric
US2395351,1942,navigating machine,Sohn Marion E
US2395467,1943,telephone system,Standard Telephones Cables Ltd
US2395525,1943,navigating control,Continental Machines
US2395575,1942,motion transmission system,Bell Telephone Labor Inc
US2396497,1941,timing control,Lektra Lab Inc
US2397604,1943,remote inditatoin,Standard Telephones Cables Ltd
US2397933,1943,curve tracker,Linde Air Prod Co
US2398519,1942,remote control system,Rca Corp
US2398771,1943,electronic control system,Ncr Co
US2399777,1943,airplane control,Gen Railway Signal Co
US2400574,1943,telemetric device,Bell Telephone Labor Inc
US2400793,1945,dispense machine,Radio Corporation of America
US2401021,1943,computing device,"Rosenberg Martin, Conrad Matthew"
US2401164,1944,control system,Westinghouse Electric Corp
US2401447,1943,multiplier system,Rca Corp
US2401527,1943,electronic switch,Rca Corp
US2401779,1941,calculator,Bell Telephone Labor Inc
US2402058,1941,communication system,Hazeltine Research Inc
US2402359,1943,elctric control,Cossor Ltd A C
US2402372,1943,counting device,Ncr Co
US2402432,1943,electric counting,Ncr Co
US2402928,1944,sync system,Gen Electric
US2402989,1941,computing system,Ibm
US2403210,1944,pulse modulation,"Henry Oxford Alan John, Stewart Butement William Alan"
US2403429,1942,radio system,Rca Corp
US2403561,1942,multi control system,Rca Corp
US2403600,1941,indicate device,Rca Corp
US2403615,1942,frequency control system,Rca Corp
US2403626,1941,radio system,Rca Corp
US2403852,1940,electronic control system,Ncr Co
US2403873,1942,impulse system,Ncr Co
US2403890,1943,telemetric system,Hazeltine Research Inc
US2403918,1943,electric chronograph,Rca Corp
US2403958,1942,radio system,Rca Corp
US2403975,1941,automatic following,Bell Telephone Labor Inc
US2404047,1943,electric computing,Rca Corp
US2404137,1944,recording system,Maurer Inc J A
US2404250,1944,computing system,Rca Corp
US2404387,1941,calculator,Bell Telephone Labor Inc
US2404773,1945,communication system,Union Switch & Signal Co
US2404918,1940,counting system,Research Corp
US2405231,1942,airplane system,Bell Telephone Labor Inc
US2405238,1940,indicate device,Rca Corp
US2405664,1941,electric accumulator,Ncr Co
US2405765,1942,radio system,Rca Corp
US2406019,1941,pulse modulation,Int Standard Electric Corp
US2406125,1943,radio system,Hartford Nat Bank & Trust Co
US2406299,1942,photoelectric system,Genevoise Instr Physique
US2406318,1942,control system,Westinghouse Electric Corp
US2406848,1944,remote control,Gen Electric
US2407320,1942,electronic control system,Bell Telephone Labor Inc
US2408081,1941,predictor system,Bell Telephone Labor Inc
US2408363,1942,electric control,Better Packages Inc
US2408524,1940,electric gauge, Kobe Inc
US2408794,1942,signaling system,Bell Telephone Labor Inc
US2408821,1943,automatic control,Sperry Gryoscope Company Inc
US2409229,1945,selector circuit,"Kuder Milton L, Smith Jr Carl Harrison"
US2409895,1943,position control system,Westinghouse Electric Corp
US2410295,1943,automatic control,Gen Electric
US2410540,1943,airplane traffic control,Gen Railway Signal Co
US2410821,1943,indicate system,Hillman Leon
US2411147,1943,remote control,Times Telephoto Equipment Inc
US2411613,1942,metering device,Jensen Machinery Company Inc
US2411648,1944,impulse system,Stromberg Carlson Co
US2411741,1939,color matching,Gen Electric
US2413211,1944,remote control system,Rca Corp
US2413274,1941,electrical control system,Continental Machines
US2413300,1943,navigating machine,Charles G Dunn
US2414102,1941,handling system,Sperry Gyroscope Co Inc
US2414221,1942,recording system,Bristol Company
US2415191,1942,electric computer,Rca Corp
US2416188,1943,frequency control system,Westinghouse Electric Corp
US2416329,1942,modulation system,Standard Telephones Cables Ltd
US2417148,1943,guage control,Gen Motors Corp
US2417522,1944,multivibrator circuit,Rca Corp
US2417593,1944,motor control,Philco Corp
US2417831,1943,counting relay system,Bell Telephone Labor Inc
US2418116,1943,sync system,Standard Telephones Cables Ltd
US2418521,1945,impulse measure system,Rca Corp
US2419772,1944,pulse modulation,Rca Corp
US2420590,1944,counting device,Line Material Co
US2421018,1943,radio system,Standard Telephones Cables Ltd
US2421560,1943,frequency control system,Rca Corp
US2421727,1945,relay system,Rca Corp
US2422020,1945,electric control system,Gen Electric
US2423208,1944,electrical control system,Rca Corp
US2423337,1942,radio system, Sperry Gyroscope Co Inc
US2423438,1943,electric motor control,Raytheon Mfg Co
US2423440,1942,automatic control,Actrol Inc
US2424218,1943,recording system,Brush Dev Co
US2424481,1944,electric system,Philco Corp
US2424569,1941,electric motor control,Sperry Gyroscope Co Inc
US2424585,1943,telephone system,Int Standard Electric Corp
US2425003,1944,frequency control system,Bell Telephone Labor Inc
US2425124,1942,automatic control,Gen Controls Co
US2425405,1942,electrical control system,Rca Corp
US2426454,1942,electric switching,Hazeltine Research Inc
US2427493,1944,control system,Bullard Co
US2428017,1943,remote control system,Int Standard Electric Corp
US2428369,1945,generator,Kammer Erwin W
US2428541,1944,calculator tube,Philco Corp
US2428800,1944,tele control,Bell Telephone Labor Inc
US2428924,1944,counterbalance system,Minneapolis Moline Power Co
US2428990,1943,electronic computer,Rca Corp
US2429227,1945,electronic computing,Rca Corp
US2429228,1945,electronic computing,Rca Corp
US2429500,1942,photoelectric control,Photoswitch Inc
US2429606,1943,parallax correction,Sperry Gyroscope Co Inc
US2429613,1943,communication system,Standard Telephones Cables Ltd
US2430139,1944,pulse modulation,Rca Corp
US2430547,1943,electric tele control,Rca Corp
US2430570,1944,radio navigation system,Rca Corp
US2433385,1942,navigation system,Bell Telephone Labor Inc
US2434274,1944,computer device,Bell Telephone Labor Inc
US2435840,1943,computing,Rca Corp
US2435841,1944,computing,Rca Corp
US2436068,1945,follow up control,Bendix Aviat Corp
US2436172,1946,radio system,Collins Radio Co
US2436178,1943,electric computing,Rca Corp
US2437251,1943,radio system,Sperry Corp
US2437570,1944,lathe,Der Eisen Und Stahlwerke Vorm
US2437603,1943,machine control,Bailey Meter Co
US2437707,1945,communication system,Bell Telephone Labor Inc
US2438283,1945,switching system,Bendix Aviat Corp
US2438487,1939,articulate ice tray,Servel Inc
US2438492,1944,signaling system,Bell Telephone Labor Inc
US2438888,1943,radio system,Bell Telephone Labor Inc
US2438907,1944,discharge system,Standard Telephones Cables Ltd
US2438908,1945,communication system,Bell Telephone Labor Inc
US2439891,1944,measure control,Bailey Meter Co
US2440083,1943,control system,Curtiss Wright Corp
US2441127,1942,circuit control,Tung Sol Lamp Works Inc
US2441387,1944,electronic control system,Us Sec War
US2441549,1946,copying machine,Taylor Taylor & Hobson Ltd
US2442123,1946,sync system,Gen Electric Co Ltd
US2442256,1947,sync system,Westinghouse Electric Corp
US2442403,1942,electric switching,Rca Corp
US2442428,1943,calculating device,Ncr Co
US2443098,1944,weight control system,Rca Corp
US2443198,1946,pulse control system,Max E Sallach
US2443624,1942,conputer device,Bell Telephone Labor Inc
US2444429,1940,telegraph reciever,Claud E Cleeton
US2445663,1946,frequency control system,Collins Radio Co
US2446191,1946,switching system,Cons Eng Corp
US2446945,1942,electric computer,Rca Corp
US2450096,1947,automatic lathe,Leblond Mach Tool Co R K
US2451044,1945,communication system,Bell Telephone Labor Inc
US2451632,1944,pulse receiver,Bell Telephone Labor Inc
US2452549,1939,pulse generator,Cleeton Claud E
US2452601,1944,radio system,Ranger Richard H
US2453454,1946,coding system,Bell Telephone Labor Inc
US2453461,1946,communication system,Bell Telephone Labor Inc
US2454549,1946,electric solver,Rca Corp
US2455974,1946,automatic computing,Rca Corp
US2457558,1944,measure control system,Bailey Meter Co
US2458652,1946,electron discharge,Bell Telephone Labor Inc
US2458697,1947,elctric computer,Universal Oil Prod Co
US2459106,1946,computing,Interchem Corp
US2459253,1944,reproduce machine,Air Reduction
US2460467,1944,electric line control,Line Material Co
US2461832,1946,phase shifting,Bell Telephone Labor Inc
US2462275,1942,electric computing,Rca Corp
US2462292,1943,light measuring device,Rca Corp
US2462913,1943,electric control,Sorensen Edward M
US2465624,1946,computing device,Arma Corp
US2466167,1946,speed control,Geoffrey Foulds William
US2466776,1946,automatic control,Collins Radio Co
US2468150,1945,computer device,Cons Eng Corp
US2468772,1945,multiple switch device,William Mungall
US2469269,1943,actuator device,Lear Inc
US2469594,1947,hoist control,Submarine Signal Co
US2470244,1946,electrical control system,Submarine Signal Co
US2471834,1944,electric control system,Gen Electric
US2471843,1945,remote control,Bendix Aviat Corp
US2472129,1943,radio system,Sperry Corp
US2473424,1943,tube controll,Submarine Signal Co
US2474266,1945,frequency control system,Harold Lyons
US2475245,1947,automatic control, Salem Engineering Canada Ltd
US2476066,1948,crystal matrix,Sylvania Electric Prod
US2476673,1947,position control system,Collins Radio Co
US2476747,1942,electrical computer,Bell Telephone Labor Inc
US2477848,1946,cathode ray control,Allis Chalmers Mfg Co
US2479975,1944,control system,John J Shively
US2480386,1947,ink recorder type,Rca Corp
US2480636,1947,oscillographic,Dieke Gerhard H
US2481383,1946,machine system,Monarch Machine Tool Co
US2483394,1944,control system,Eastern Ind Inc
US2484081,1943,electrical comparing,Ibm
US2484575,1943,phase control,Gen Electric
US2484968,1944,operating system,Sponaugle Lloyd Blair
US2487469,1943,actuate system,Production Instr Company
US2488412,1945,control system,Westinghouse Electric Corp
US2488696,1946,automatic control,Waldron Harvey B
US2489203,1946,automatic lathe,Leblond Mach Tool Co R K
US2489253,1946,multisignal recording system,Andre Walter L
US2489824,1943,frequency control system,Rca Corp
US2489883,1946,pulse modulation,Bell Telephone Labor Inc
US2492134,1947,coding system,Fed Telecomm Lab Inc
US2492731,1944,tracker control,Gen Electric
US2494663,1944,sync cutting machine,Linde Air Prod Co
US2498272,1945,control system,Westinghouse Electric Corp
US2499178,1948,curve tracker,Gen Electric
US2501631,1947,motion control system,Scintilla Ag
US2505029,1949,decoder,Bell Telephone Labor Inc
US2510121,1945,sound record,Standard Telephones Cables Ltd
US2512185,1947,bearing,Thompson Wade Corp
US2514036,1947,electronic pulse producer,Ibm
US2514671,1947,decoder,Bell Telephone Labor Inc
US2517559,1946,preset register,Standard Telephones Cables Ltd
US2518022,1948,translator,Bell Telephone Labor Inc
US2519667,1945,motor control,Bell Telephone Labor Inc
US2525077,1945,electric computing,Rca Corp
US2531600,1949,electric beam tube,Bell Telephone Labor Inc
US2533242,1949,data transformer,Gridley Darrin H
US2534287,1946,electric control system,Marsh Jr Lynn W
US2534505,1944,telematric,Honeywell Regulator Co
US2536916,1945,electronic computing,Ibm
US2537427,1949,digital serve,North American Aviation Inc
US2537770,1949,control system,Gen Electric
US2538415,1945,electric motor control,Honeywell Regulator Co
US2538615,1948,decoder,Bell Telephone Labor Inc
US2538789,1948,sequence control,Ibm
US2539014,1949,digit generator,Frantz Walter J
US2539474,1947,radio system,Int Standard Electric Corp
US2539623,1947,communication system,Bell Telephone Labor Inc
US2540797,1945,color matching,American Cyanamid Co
US2543058,1945,frequency control,Ranger Richard H
US2549422,1949,decoder,Bell Telephone Labor Inc
US2552137,1948,time control system,Gen Electric
US2556586,1947,indicate wave light,Robert W Johnston
US2557086,1949,electric communication,"Bert Fisk, Spencer Charles L"
US2557581,1947,remote control system,Rock Ola Mfg Corp
US2559575,1947,electrical control system,Raytheon Mfg Co
US2564403,1949,data posting system,Teleregister Corp
US2570716,1948,signal transmission system,Sylvania Electric Prod
US2575017,1950,sync coded signal,Eastman Kodak Co
US2575034,1949,data film record,Eastman Kodak Co
US2575956,1948,train computer,"Hereford Jr Frank L, Whitehead Jr Walter D"
US2576099,1947,translator,Int Standard Electric Corp
US2576903,1950,electric switching,Librascope Inc
US2579831,1946,storing measured data,Keinath George
US2581426,1946,telegraph impulse,Creed & Co Ltd
US2581438,1946,navigating machine,Sperry Corp
US2581594,1948,radio system,Rca Corp
US2584809,1949,computer device,Phillips Petroleum Co
US2584897,1947,electric comoputer,Toledo Scale Co
US2588386,1949,automatic tracker,"Capecelatro Achille, Charles L Hubbard"
US2590110,1951,translator,Us Army
US2594694,1948,pattern control,Seneca Falls Machine Co
US2595701,1948,recording system,Bell Telephone Labor Inc
US2596741,1948,external memory device,Eastman Kodak Co
US2601159,1946,dispense machine,Marsh Stencil Machine Company
US2609143,1948,electric computing,Stibitz George R
US2610317,1948,power controller,Fowler Girard
US2627055,1949,navigating machine,Raytheon Mfg Co
US2628539,1945,record and reproduce,De Neergaard Leif Eric
US2629440,1946,automatic machine,Harry Rosenthal
US2630481,1949,data transmission,Johnson Eric A
US2630552,1949,decoding,Johnson Eric Arthur
US2630722,1949,machine control,Jr George H Benzon
US2632058,1947,pulse modulation,Bell Telephone Labor Inc
US2640176,1951,speed control,Raytheon Mfg Co
US2643355,1951,computer device,Jr Ludlow B Hallman
US2656106,1946,position control system,Stabler Howard P
US2656497,1950,position control system,Collins Radio Co
US2658139,1950,decoder,Raytheon Mfg Co
US2660618,1948,signal translation,Int Standard Electric Corp
US2660700,1950,sythesizer,United Shoe Machinery Corp
US2661152,1948,computing device,Peter Elias
US2662413,1949,cutting machine,Int Register Co
US2672067,1950,electric control,Hansell Marjorie B
US2673951,1951,motor mechanism,Electronique & Automatisme Sa
US2677758,1945,electrical tracking,Us Sec War
US2678254,1949,coding system,Schenck James
US2685054,1951,electric rotation,Us Army
US2690532,1949,record motor control,Clarence Johnson
US2706270,1950,digital control,Ncr Co
US2710934,1950,motor control,Kearney & Trecker Corp
US2711499,1953,converting electrical code,Bernard Lippel
US2715703,1950,remote digital control,Honeywell Regulator Co
US2727570,1949,electric control,Marsh Stencil Machine Company
US2736852,1955,automatic digital control system,Eldred C Nelson
US2741732,1951,automatic motor control,Bosch Arma Corp
US2744872,1953,gear,Texas Co
US2781169,1951,vector adder,Northrop Aircraft Inc
US2784359,1953,digital control,Sperry Prod Inc
US2809333,1952,thickness control system,Giddings & Lewis
US2820898,1954,radio system,Csf
US2833941,1955,automation system,Gen Dynamics Corp
US2838963,1957,control system,American Steel Foundries
US2839711,1955,automatic control,Industosyn Corp
US2843811,1956,three dimensional system,Inductosyn Corp
US2867724,1956,control cirtcuit,Gen Dynamics Corp
US2870429,1951,automatic program,Gen Precision Lab Inc
US2876650,1955,automatic position machine,Sundstrand Machine Tool Co
US2922940,1957,digital control,Harry W Mergler
US2927258,1951,automatic control,Lippel Bernard
US2927735,1956,radio system,Gen Dynamics Corp
US3015806,1958,machine control system,Wang Laboratories
US3063311,1957,control system,Gen Electric
US309608,1884,horse power,Lewis H. Davis
US3099781,1961,digital control,Westinghouse Electric Corp
US3109974,1961,feedrate control,Thompson Ramo Wooldridge Inc
US3110865,1960,feed rate control,Gen Electric
US3122691,1962,digital contouring system,Bendix Corp
US3204132,1962,contourding system,Bendix Corp
US3246125,1960,neuro control system,Warner Swasey Co
US3278817,1958,control system,Bendix Corp
US3286085,1963,machine control,Twr Inc
US3417303,1964,neuro control system,Pratt & Whitney Inc
US3538315,1967,machine control,Pratt & Whitney Inc
US3821469,1972,graphica data device,Amperex Electronic Corp
US3868565,1973,object tracking,Jack Kuipers
US546553,1894,porter,F One
US552379,1894,Island,The Pettee Machine Works
US574780,1896,britton,P Two
US6034712,1997,exposure and image forming,Brother Kogyo Kabushiki Kaisha
US6044964,1998,multidirection conveyr,"Sony Corporation, Digital Audio Disc Corporation"
US6166504,1999,moving robot arm,Denso Corporation
US6167145,1996,bone navigation system,"Surgical Navigation Technologies, Inc."
US642761,1897,reciprocating engine,Michael Holroyd Smith
US654130,1899,electric control,Gen Electric
US672320,1899,counterbalance system,Robert Edgar Ford
US702371,1901,motor system,Henry Andrew Meyer
US776212,1904,automatic roll machine,David S Anthony
US8086008,2010,real-time guiding location,"Intuitive Surgical Operations, Inc."
US811539,1905,electric control,Westinghouse Electric & Mfg Co
US812507,1904,surgical engine,William H Ludewig
US839740,1905,machine,Elbert D W Rose
US841325,1906,cloth-cutting machine,Simplex Cutting Machine Co
US853771,1905,trolley wheel,James F Cottrell
US876701,1907,electronic control system,Heinrich Drewell
US908605,1907,crank and yoke,Fred C Olin
US913363,1903,electrical apparatus,Albert C Crehore
US921280,1909,time control system,Albert A Radtke
US961358,1910,indicate device,Minerallac Electric Company
US977480,1905,type writing,Yost Writing Machine Co
US998273,1910,machine tool,Rudolf Beuttenmueller
WO2008031664A1,2007,robot arm collision,Abb Research Ltd.
WO2015120008A1,2015,robot arm collision,Intuitive Surgical Operations
