pid,ipc1,YEAR,tech,com
US20150005785,A61B 19,2016,robot arm collision,"St. Jude Medical, Atrial Fibrillation Division, Inc."
WO2015120008A1,A61B 19,2015,robot arm collision,Intuitive Surgical Operations
US20130325030,A61B 19,2013,collision avoidance scheme,"Intuitive Surgical Operations, Inc."
US20110172819,B25J 9,2011,manipulator control,"Samsung Electronics Co., Ltd."
US8086008,G06T 7,2010,real-time guiding location,"Intuitive Surgical Operations, Inc."
US20110066282,B25J 19,2009,collision avoidance scheme,"Harris Corporation, Corporation Of The State Of Delaware"
WO2008031664A1,G05B 19,2007,robot arm collision,Abb Research Ltd.
EP1366867A2,B25J 9,2003,avoiding collision robots and others,KUKA Roboter GmbH
US6166504,B25J 9,1999,moving robot arm,Denso Corporation
US6044964,G11B 23,1998,multidirection conveyr,"Sony Corporation, Digital Audio Disc Corporation"
KR100218106B1,G05B 13,1997,robot arm,SAMSUNG ELECTRONICS CO LTD
US6034712,B41J 2,1997,exposure and image forming,Brother Kogyo Kabushiki Kaisha
EP0743579A2,G05B 19,1996,robot,Siemens Aktiengesellschaft
US6167145,G06F 19,1996,bone navigation system,"Surgical Navigation Technologies, Inc."
EP0583487A1,G05B 19,1992,braking action,Siemens Aktiengesellschaft
EP0102219A2,G01B 21,1983,Acceleration/deceleration device,Fanuc Ltd.
US3868565,G05D 1,1973,object tracking,Jack Kuipers
US3821469,G06F 3,1972,graphica data device,Amperex Electronic Corp
US3538315,G05B 19,1967,machine control,Pratt & Whitney Inc
US3417303,G05B 19,1964,neuro control system,Pratt & Whitney Inc
US3286085,G05B 19,1963,machine control,Twr Inc
US3122691,G05B 19,1962,digital contouring system,Bendix Corp
US3204132,G05B 19,1962,contourding system,Bendix Corp
US3099781,G05B 19,1961,digital control,Westinghouse Electric Corp
US3109974,G05B 19,1961,feedrate control,Thompson Ramo Wooldridge Inc
US3110865,G05B 19,1960,feed rate control,Gen Electric
US3246125,G05B 19,1960,neuro control system,Warner Swasey Co
US3015806,G05B 19,1958,machine control system,Wang Laboratories
US3278817,G05B 19,1958,control system,Bendix Corp
US2838963,B23B 39,1957,control system,American Steel Foundries
US2922940,H03M 1,1957,digital control,Harry W Mergler
US3063311,G05B 19,1957,control system,Gen Electric
US2843811,G05B 19,1956,three dimensional system,Inductosyn Corp
US2867724,G05B 19,1956,control cirtcuit,Gen Dynamics Corp
US2927735,G05B 19,1956,radio system,Gen Dynamics Corp
US2736852,G05B 19,1955,automatic digital control system,Eldred C Nelson
US2833941,H03M 1,1955,automation system,Gen Dynamics Corp
US2839711,G05D 3,1955,automatic control,Industosyn Corp
US2876650,G05B 19,1955,automatic position machine,Sundstrand Machine Tool Co
US2820898,G01S 13,1954,radio system,Csf
US2711499,H03M 1,1953,converting electrical code,Bernard Lippel
US2744872,C10M,1953,gear,Texas Co
US2784359,B25J 9,1953,digital control,Sperry Prod Inc
US2809333,H02P 5,1952,thickness control system,Giddings & Lewis
US2590110,H03M 1,1951,translator,Us Army
US2640176,B23Q 35,1951,speed control,Raytheon Mfg Co
US2643355,H03M 1,1951,computer device,Jr Ludlow B Hallman
US2673951,B23Q 35,1951,motor mechanism,Electronique & Automatisme Sa
US2685054,H03M 1,1951,electric rotation,Us Army
US2741732,G05B 19,1951,automatic motor control,Bosch Arma Corp
US2781169,G06G 7,1951,vector adder,Northrop Aircraft Inc
US2870429,G05B 19,1951,automatic program,Gen Precision Lab Inc
US2927258,G05B 19,1951,automatic control,Lippel Bernard
US2575017,H03M 5,1950,sync coded signal,Eastman Kodak Co
US2576903,G04C 23,1950,electric switching,Librascope Inc
US2656497,G05D 3,1950,position control system,Collins Radio Co
US2658139,H03M 1,1950,decoder,Raytheon Mfg Co
US2660700,G06G 7,1950,sythesizer,United Shoe Machinery Corp
US2672067,G05D 3,1950,electric control,Hansell Marjorie B
US2706270,G05B 19,1950,digital control,Ncr Co
US2710934,G05B 19,1950,motor control,Kearney & Trecker Corp
US2715703,G05D 3,1950,remote digital control,Honeywell Regulator Co
US2505029,H03M 1,1949,decoder,Bell Telephone Labor Inc
US2531600,H01J 29,1949,electric beam tube,Bell Telephone Labor Inc
US2533242,H03M 1,1949,data transformer,Gridley Darrin H
US2537427,G05B 19,1949,digital serve,North American Aviation Inc
US2537770,G05B 19,1949,control system,Gen Electric
US2539014,H04M 3,1949,digit generator,Frantz Walter J
US2549422,H03M 1,1949,decoder,Bell Telephone Labor Inc
US2557086,H04J 3,1949,electric communication,"Bert Fisk, Spencer Charles L"
US2564403,G06F 7,1949,data posting system,Teleregister Corp
US2575034,G11B 7,1949,data film record,Eastman Kodak Co
US2584809,G06G 7,1949,computer device,Phillips Petroleum Co
US2588386,G05B 19,1949,automatic tracker,"Capecelatro Achille, Charles L Hubbard"
US2627055,B23Q 35,1949,navigating machine,Raytheon Mfg Co
US2630481,H03M 1,1949,data transmission,Johnson Eric A
US2630552,H03M 1,1949,decoding,Johnson Eric Arthur
US2630722,B23Q 16,1949,machine control,Jr George H Benzon
US2662413,B23D 27,1949,cutting machine,Int Register Co
US2678254,H03M 1,1949,coding system,Schenck James
US2690532,G05B 19,1949,record motor control,Clarence Johnson
US2727570,B65H 35,1949,electric control,Marsh Stencil Machine Company
US2476066,H03K 17,1948,crystal matrix,Sylvania Electric Prod
US2499178,G06K 11,1948,curve tracker,Gen Electric
US2518022,H04Q 3,1948,translator,Bell Telephone Labor Inc
US2538615,H03M 1,1948,decoder,Bell Telephone Labor Inc
US2538789,H03K 23,1948,sequence control,Ibm
US2552137,H03K 17,1948,time control system,Gen Electric
US2570716,H04J 3,1948,signal transmission system,Sylvania Electric Prod
US2575956,G06G 7,1948,train computer,"Hereford Jr Frank L, Whitehead Jr Walter D"
US2581594,H03J 7,1948,radio system,Rca Corp
US2594694,B23Q 35,1948,pattern control,Seneca Falls Machine Co
US2595701,G10H 1,1948,recording system,Bell Telephone Labor Inc
US2596741,G11C 13,1948,external memory device,Eastman Kodak Co
US2609143,G06F 7,1948,electric computing,Stibitz George R
US2610317,H02J 3,1948,power controller,Fowler Girard
US2660618,H03M 1,1948,signal translation,Int Standard Electric Corp
US2661152,G06G 7,1948,computing device,Peter Elias
US2442256,H03K 17,1947,sync system,Westinghouse Electric Corp
US2450096,G05B 19,1947,automatic lathe,Leblond Mach Tool Co R K
US2458697,G06G 7,1947,elctric computer,Universal Oil Prod Co
US2469594,G10K 11,1947,hoist control,Submarine Signal Co
US2475245,B23Q 15,1947,automatic control, Salem Engineering Canada Ltd
US2476673,B24B 47,1947,position control system,Collins Radio Co
US2480386,H04L 15,1947,ink recorder type,Rca Corp
US2480636,G01J 3,1947,oscillographic,Dieke Gerhard H
US2492134,H04J 7,1947,coding system,Fed Telecomm Lab Inc
US2501631,B23D 49,1947,motion control system,Scintilla Ag
US2512185,F16H 21,1947,bearing,Thompson Wade Corp
US2514036,H03K 3,1947,electronic pulse producer,Ibm
US2514671,H03M 1,1947,decoder,Bell Telephone Labor Inc
US2539474,H04B 7,1947,radio system,Int Standard Electric Corp
US2539623,H03M 1,1947,communication system,Bell Telephone Labor Inc
US2556586,G10L 21,1947,indicate wave light,Robert W Johnston
US2557581,H02J 13,1947,remote control system,Rock Ola Mfg Corp
US2559575,B23Q 35,1947,electrical control system,Raytheon Mfg Co
US2576099,H03K 21,1947,translator,Int Standard Electric Corp
US2584897,G01G 23,1947,electric comoputer,Toledo Scale Co
US2632058,H03M 1,1947,pulse modulation,Bell Telephone Labor Inc
US2436172,G05D 3,1946,radio system,Collins Radio Co
US2441549,B24B 17,1946,copying machine,Taylor Taylor & Hobson Ltd
US2442123,H04N 5,1946,sync system,Gen Electric Co Ltd
US2443198,F41G 7,1946,pulse control system,Max E Sallach
US2445663,H03J 7,1946,frequency control system,Collins Radio Co
US2446191,G06G 7,1946,switching system,Cons Eng Corp
US2453454,H03M 1,1946,coding system,Bell Telephone Labor Inc
US2453461,H03M 1,1946,communication system,Bell Telephone Labor Inc
US2454549,G06G 7,1946,electric solver,Rca Corp
US2455974,G06G 7,1946,automatic computing,Rca Corp
US2458652,H03M 13,1946,electron discharge,Bell Telephone Labor Inc
US2459106,G06G 7,1946,computing,Interchem Corp
US2461832,G01S 7,1946,phase shifting,Bell Telephone Labor Inc
US2465624,G06G 7,1946,computing device,Arma Corp
US2466167,B66B 1,1946,speed control,Geoffrey Foulds William
US2466776,H03J 5,1946,automatic control,Collins Radio Co
US2470244,B23Q 35,1946,electrical control system,Submarine Signal Co
US2477848,G01R 13,1946,cathode ray control,Allis Chalmers Mfg Co
US2481383,B23B 39,1946,machine system,Monarch Machine Tool Co
US2488696,B23Q 5,1946,automatic control,Waldron Harvey B
US2489203,G05B 19,1946,automatic lathe,Leblond Mach Tool Co R K
US2489253,G08C 15,1946,multisignal recording system,Andre Walter L
US2489883,H03M 1,1946,pulse modulation,Bell Telephone Labor Inc
US2517559,G06M 3,1946,preset register,Standard Telephones Cables Ltd
US2534287,G06F 9,1946,electric control system,Marsh Jr Lynn W
US2579831,G06F 7,1946,storing measured data,Keinath George
US2581426,H04L 17,1946,telegraph impulse,Creed & Co Ltd
US2581438,G06G 7,1946,navigating machine,Sperry Corp
US2601159,B65H 35,1946,dispense machine,Marsh Stencil Machine Company
US2629440,B26D 1,1946,automatic machine,Harry Rosenthal
US2656106,H03M 1,1946,position control system,Stabler Howard P
US2400793,B26D 3,1945,dispense machine,Radio Corporation of America
US2404773,H04Q 5,1945,communication system,Union Switch & Signal Co
US2409229,H03K 17,1945,selector circuit,"Kuder Milton L, Smith Jr Carl Harrison"
US2418521,H03K 21,1945,impulse measure system,Rca Corp
US2421727,H04J 1,1945,relay system,Rca Corp
US2422020,B23K 11,1945,electric control system,Gen Electric
US2428369,G01R 13,1945,generator,Kammer Erwin W
US2429227,G06F 7,1945,electronic computing,Rca Corp
US2429228,G06F 7,1945,electronic computing,Rca Corp
US2436068,G05D 3,1945,follow up control,Bendix Aviat Corp
US2437707,H04B 14,1945,communication system,Bell Telephone Labor Inc
US2438283,G05D 3,1945,switching system,Bendix Aviat Corp
US2438908,H03M 1,1945,communication system,Bell Telephone Labor Inc
US2451044,H04B 14,1945,communication system,Bell Telephone Labor Inc
US2468150,G06G 7,1945,computer device,Cons Eng Corp
US2468772,H01H 3,1945,multiple switch device,William Mungall
US2471843,H04Q 9,1945,remote control,Bendix Aviat Corp
US2474266,H03K 23,1945,frequency control system,Harold Lyons
US2488412,B23Q 15,1945,control system,Westinghouse Electric Corp
US2498272,B23Q 15,1945,control system,Westinghouse Electric Corp
US2510121,G11B 7,1945,sound record,Standard Telephones Cables Ltd
US2519667,H02P 23,1945,motor control,Bell Telephone Labor Inc
US2525077,G06J 1,1945,electric computing,Rca Corp
US2536916,H04J 3,1945,electronic computing,Ibm
US2538415,G05D 3,1945,electric motor control,Honeywell Regulator Co
US2540797,G06G 7,1945,color matching,American Cyanamid Co
US2543058,H03L 7,1945,frequency control,Ranger Richard H
US2628539,G05B 19,1945,record and reproduce,De Neergaard Leif Eric
US2677758,G01S 13,1945,electrical tracking,Us Sec War
US2331443,B23Q 35,1944,lathe,Fischer Ag Georg
US2373332,B23Q 35,1944,safety device,Gen Motors Corp
US2378326,H04J 7,1944,frequency control system,Gen Railway Signal Co
US2381920,H04L 12,1944,telemetric device,Bell Telephone Labor Inc
US2389368,H02P 5,1944,control system,Westinghouse Electric Corp
US2390415,G06K 5,1944,record control,Ibm
US2401164,B23Q 15,1944,control system,Westinghouse Electric Corp
US2402928,G05D 3,1944,sync system,Gen Electric
US2403210,H04J 3,1944,pulse modulation,"Henry Oxford Alan John, Stewart Butement William Alan"
US2404137,G11B 7,1944,recording system,Maurer Inc J A
US2404250,G06F 7,1944,computing system,Rca Corp
US2406848,G05D 3,1944,remote control,Gen Electric
US2411648,H04M 19,1944,impulse system,Stromberg Carlson Co
US2413211,G05D 3,1944,remote control system,Rca Corp
US2417522,H03K 3,1944,multivibrator circuit,Rca Corp
US2417593,H01Q 3,1944,motor control,Philco Corp
US2419772,H03K 3,1944,pulse modulation,Rca Corp
US2420590,H03K 21,1944,counting device,Line Material Co
US2423208,H04R 19,1944,electrical control system,Rca Corp
US2424481,G01S 13,1944,electric system,Philco Corp
US2425003,G10L 21,1944,frequency control system,Bell Telephone Labor Inc
US2427493,G05B 19,1944,control system,Bullard Co
US2428541,G06G 7,1944,calculator tube,Philco Corp
US2428800,G05D 3,1944,tele control,Bell Telephone Labor Inc
US2428924,A01D 34,1944,counterbalance system,Minneapolis Moline Power Co
US2430139,H03M 1,1944,pulse modulation,Rca Corp
US2430570,G01S 1,1944,radio navigation system,Rca Corp
US2434274,G01G 7,1944,computer device,Bell Telephone Labor Inc
US2435841,G06F 7,1944,computing,Rca Corp
US2437570,B23Q 35,1944,lathe,Der Eisen Und Stahlwerke Vorm
US2438492,H03K 23,1944,signaling system,Bell Telephone Labor Inc
US2438907,H03K 25,1944,discharge system,Standard Telephones Cables Ltd
US2439891,G05B 24,1944,measure control,Bailey Meter Co
US2441387,G06G 7,1944,electronic control system,Us Sec War
US2443098,G06G 7,1944,weight control system,Rca Corp
US2451632,G01S 13,1944,pulse receiver,Bell Telephone Labor Inc
US2452601,H03J 3,1944,radio system,Ranger Richard H
US2457558,G05B 19,1944,measure control system,Bailey Meter Co
US2459253,B23K 7,1944,reproduce machine,Air Reduction
US2460467,H02J 3,1944,electric line control,Line Material Co
US2471834,H03K 17,1944,electric control system,Gen Electric
US2479975,H04Q 9,1944,control system,John J Shively
US2483394,B61L 1,1944,control system,Eastern Ind Inc
US2484968,G05B 19,1944,operating system,Sponaugle Lloyd Blair
US2492731,B23Q 35,1944,tracker control,Gen Electric
US2494663,B23Q 35,1944,sync cutting machine,Linde Air Prod Co
US2534505,G05D 3,1944,telematric,Honeywell Regulator Co
US2364389,H03F 1,1943,feedback control,Standard Telephones Cables Ltd
US2369474,H03M 5,1943,translator,Ibm
US2373247,H04L 13,1943,time control system,Automatic Elect Lab
US2373504,G01G 19,1943,aircraft distribution,York Res Corp
US2374817,G01R 25,1943,electric system,Int Standard Electric Corp
US2382787,B65H 35,1943,strip system,Nashua Gummed & Coated Paper
US2382994,G01C 21,1943,electric control,Bell Telephone Labor Inc
US2385086,H03C 3,1943,electric control,Hartford Nat Bank & Trust Co
US2386049,H04R 19,1943,frequency control system,Gen Electric
US2388555,B23Q 35,1943,tracker control,Gen Electric
US2393060,H02H 7,1943,control system,Westinghouse Electric Corp
US2395467,H04J 1,1943,telephone system,Standard Telephones Cables Ltd
US2395525,B23Q 35,1943,navigating control,Continental Machines
US2397604,G08C 19,1943,remote inditatoin,Standard Telephones Cables Ltd
US2397933,B23Q 35,1943,curve tracker,Linde Air Prod Co
US2398771,H03K 3,1943,electronic control system,Ncr Co
US2399777,G08G 5,1943,airplane control,Gen Railway Signal Co
US2400574,H04L 17,1943,telemetric device,Bell Telephone Labor Inc
US2401021,G06K 7,1943,computing device,"Rosenberg Martin, Conrad Matthew"
US2401447,H04K 1,1943,multiplier system,Rca Corp
US2401527,G06G 7,1943,electronic switch,Rca Corp
US2402359,G01R 31,1943,elctric control,Cossor Ltd A C
US2402372,H03K 23,1943,counting device,Ncr Co
US2402432,H03K 21,1943,electric counting,Ncr Co
US2403890,G08C 15,1943,telemetric system,Hazeltine Research Inc
US2403918,G04F 10,1943,electric chronograph,Rca Corp
US2404047,G06F 7,1943,electric computing,Rca Corp
US2406125,H03J 7,1943,radio system,Hartford Nat Bank & Trust Co
US2408821,H03G 3,1943,automatic control,Sperry Gryoscope Company Inc
US2409895,G05D 3,1943,position control system,Westinghouse Electric Corp
US2410295,B23Q 15,1943,automatic control,Gen Electric
US2410540,G08G 5,1943,airplane traffic control,Gen Railway Signal Co
US2410821,G08C 19,1943,indicate system,Hillman Leon
US2411147,G05D 3,1943,remote control,Times Telephoto Equipment Inc
US2413300,G01S 19,1943,navigating machine,Charles G Dunn
US2416188,H03K 3,1943,frequency control system,Westinghouse Electric Corp
US2417148,B07C 5,1943,guage control,Gen Motors Corp
US2417831,H03K 23,1943,counting relay system,Bell Telephone Labor Inc
US2418116,H04J 3,1943,sync system,Standard Telephones Cables Ltd
US2421018,G01S 15,1943,radio system,Standard Telephones Cables Ltd
US2421560,G01R 17,1943,frequency control system,Rca Corp
US2423438,G05D 3,1943,electric motor control,Raytheon Mfg Co
US2424218,G11B 5,1943,recording system,Brush Dev Co
US2424585,H04Q 1,1943,telephone system,Int Standard Electric Corp
US2428017,H03J 1,1943,remote control system,Int Standard Electric Corp
US2428990,G06F 7,1943,electronic computer,Rca Corp
US2429606,F41G 3,1943,parallax correction,Sperry Gyroscope Co Inc
US2429613,H04B 7,1943,communication system,Standard Telephones Cables Ltd
US2430547,H04L 25,1943,electric tele control,Rca Corp
US2435840,G06F 7,1943,computing,Rca Corp
US2436178,H03M 1,1943,electric computing,Rca Corp
US2437251,G01S 3,1943,radio system,Sperry Corp
US2437603,B23Q 35,1943,machine control,Bailey Meter Co
US2438888,G01S 7,1943,radio system,Bell Telephone Labor Inc
US2440083,H02P 23,1943,control system,Curtiss Wright Corp
US2442428,G06F 7,1943,calculating device,Ncr Co
US2462292,G01B 9,1943,light measuring device,Rca Corp
US2462913,G05F 1,1943,electric control,Sorensen Edward M
US2469269,F16H 25,1943,actuator device,Lear Inc
US2472129,G06G 7,1943,radio system,Sperry Corp
US2473424,G05D 3,1943,tube controll,Submarine Signal Co
US2484081,H03K 3,1943,electrical comparing,Ibm
US2484575,H02J 3,1943,phase control,Gen Electric
US2487469,G06M 1,1943,actuate system,Production Instr Company
US2489824,H03B 19,1943,frequency control system,Rca Corp
US2298521,G05D 3,1942,remote control,Frederick Uehling Fritz
US2306230,B23K 11,1942,translator,Gen Electric
US2311142,B23Q 17,1942,precision machine,Genevoise Instr Physique
US2332253,H03H 11,1942,radio system,Rca Corp
US2334543,G08C 19,1942,remote indcation,Rochester Mfg Co Inc
US2334965,D06F 37,1942,washing machine control,Leo M Harvey
US2337132,B23Q 15,1942,electric control,Rca Corp
US2338512,H03C 1,1942,telephone circuit,Westinghouse Electric & Mfg Co
US2342318,H04L 25,1942,electrical timing circuit,Bell Telephone Labor Inc
US2345613,B23Q 5,1942,lathe attachment,Lukis Ernest Du B
US2345668,H03K 4,1942,impulse generator,Farnsworth Television & Radio
US2347084,G11B 7,1942,sound system,Rca Corp
US2348401,G01R 13,1942,recording system,Olive S Petty
US2349987,B61L 3,1942,signal system,Union Switch & Signal Co
US2352507,G01B 5,1942,guage control,Sheffield Corp
US2353672,G01R 29,1942,phase shifting,Rca Corp
US2354365,H03H 7,1942,sync system,Aladdin Radio Ind Inc
US2354391,G05B 19,1942,machine control,Arthur R Mccourt
US2358454,H03J 7,1942,automatic circuit,Rca Corp
US2358746,G05B 19,1942,control machine,Brown & Sharpe Mfg
US2362197,G05D 3,1942,electric stop system,Ford Instr Co Inc
US2364210,H04K 1,1942,signaling system,Patelhold Patentverwertung
US2366543,G01C 19,1942,navigation machine,Smith & Sons Ltd S
US2367925,H02J 3,1942,sync system,Westinghouse Electric & Mfg Co
US2368408,B23Q 16,1942,carraige control,Letourneau Inc
US2370727,G04F 10,1942,time control system,Bell Telephone Labor Inc
US2371415,G08C 19,1942,remote control system,Rca Corp
US2373134,H03K 23,1942,signal system,Bell Telephone Labor Inc
US2373503,G01M 1,1942,mail treat machine,Commercial Controls Corp
US2375665,G01D 5,1942,electric position,Genevoise Instr Physique
US2378383,G01R 13,1942,translator,Brush Dev Co
US2379072,H02P 5,1942,motor control,Cutler Hammer Inc
US2381826,G01L 7,1942,indicate wave light,Gen Aircraft Equipment Inc
US2381928,H03K 9,1942,frequency control,Rca Corp
US2383901,B64C 25,1942,power trans machine,Gen Motors Corp
US2386892,H03B 5,1942,amplipier or oscilliator,Automatic Elect Lab
US2388727,G01N 21,1942,glossmeter,Interchem Corp
US2389275,G08C 19,1942,telemetric device,Automatic Elect Lab
US2393186,G01D 13,1942,register printer device,Gen Electric
US2395351,G01C 21,1942,navigating machine,Sohn Marion E
US2395575,G05D 3,1942,motion transmission system,Bell Telephone Labor Inc
US2398519,G05D 3,1942,remote control system,Rca Corp
US2403429,G01S 1,1942,radio system,Rca Corp
US2403561,H04J 3,1942,multi control system,Rca Corp
US2403615,H01H 51,1942,frequency control system,Rca Corp
US2403873,H03K 3,1942,impulse system,Ncr Co
US2403958,G01R 23,1942,radio system,Rca Corp
US2405231,G01S 19,1942,airplane system,Bell Telephone Labor Inc
US2405765,H04B 7,1942,radio system,Rca Corp
US2406299,H01J 40,1942,photoelectric system,Genevoise Instr Physique
US2406318,G01N 21,1942,control system,Westinghouse Electric Corp
US2407320,H03K 23,1942,electronic control system,Bell Telephone Labor Inc
US2408363,B65H 35,1942,electric control,Better Packages Inc
US2408794,H04L 27,1942,signaling system,Bell Telephone Labor Inc
US2411613,G01F 1,1942,metering device,Jensen Machinery Company Inc
US2414221,G01D 9,1942,recording system,Bristol Company
US2415191,G06G 7,1942,electric computer,Rca Corp
US2416329,H03K 7,1942,modulation system,Standard Telephones Cables Ltd
US2423337,G05D 1,1942,radio system, Sperry Gyroscope Co Inc
US2423440,G05B 19,1942,automatic control,Actrol Inc
US2425124,G07C 3,1942,automatic control,Gen Controls Co
US2425405,G06G 7,1942,electrical control system,Rca Corp
US2426454,H03K 17,1942,electric switching,Hazeltine Research Inc
US2429500,B26D 5,1942,photoelectric control,Photoswitch Inc
US2433385,G01S 1,1942,navigation system,Bell Telephone Labor Inc
US2441127,H03D 7,1942,circuit control,Tung Sol Lamp Works Inc
US2442403,H03K 23,1942,electric switching,Rca Corp
US2443624,G01C 3,1942,conputer device,Bell Telephone Labor Inc
US2446945,H03K 29,1942,electric computer,Rca Corp
US2462275,H03K 23,1942,electric computing,Rca Corp
US2476747,G06G 7,1942,electrical computer,Bell Telephone Labor Inc
US2269643,B23K 7,1941,cutting machine,Messer & Co Gmbh
US2292835,H03K 4,1941,electric system,Gerard Hepp
US2294734,G06K 13,1941,recording system,Ibm
US2297876,G05B 11,1941,control system,Pickering Governor Company
US2298026,H02J 3,1941,control system,Gen Electric
US2300996,H03B 5,1941,ocsillograph,Emi Ltd
US2302506,B23Q 35,1941,milling machine,Richards James H
US2306386,H03K 23,1941,electronic control system,Columbia Broadcasting Syst Inc
US2306729,H04Q 3,1941,signal system,Bell Telephone Labor Inc
US2307505,H04L 21,1941,communication system,Ferdinand Heinmets
US2307868,H04M 3,1941,binary counter,Bell Telephone Labor Inc
US2310105,H03K 23,1941,counter circuit,Gen Electric
US2310438,G06J 1,1941,multiplying device,Ibm
US2313989,B23Q 35,1941,electrical control system,Niles Bement Pond Co
US2316240,G05D 23,1941,control system,Brown Instr Co
US2319424,H01J 17,1941,telephone system,Bell Telephone Labor Inc
US2320338,G06K 5,1941,verifying machine,Ibm
US2321269,H03C 3,1941,radio system,Rca Corp
US2321799,G09B 9,1941,radio system,Cone
US2323977,B23K 7,1941,conditioning machine,Linde Air Prod Co
US2324314,H03K 23,1941,electronic switch,Gen Electric
US2327239,B23D 51,1941,jigsaw,Herbert R Bartlett
US2329137,H03K 4,1941,deflection generator,Rca Corp
US2332300,H03K 21,1941,interval system,Gen Electric
US2335163,G05B 11,1941,photoelectric system,Charles Tagliabue Mfg Co
US2336142,G01M 1,1941,airplane gravity,Watson Oliver H
US2339194,B65H 63,1941,handling system,Western Electric Co
US2342753,H03K 23,1941,counting system,Westinghouse Electric & Mfg Co
US2345383,A01D 34,1941,mowing machine,Curtis John S
US2346616,G06F 7,1941,multiplying machine,Ncr Co
US2346869,G06M 1,1941,predetermined control,Production Instr Company
US2348016,H03K 23,1941,countercircuit,Gen Electric
US2349810,H03K 21,1941,countercircuit,Gen Electric
US2350551,H04Q 5,1941,electric switching,"Fish Edwin L, Maben Daniel E"
US2352149,B65H 35,1941,strip system,Nashua Gummed & Coated Paper
US2354768,H03K 21,1941,electrical counter,United Shoe Machinery Corp
US2357055,H02P 23,1941,speed control,Mydans William E
US2363502,G11B 7,1941,sound system,Lee A Collins
US2365365,B23Q 35,1941,contouring device,Merco Trinkle Machine Co
US2367042,H04Q 3,1941,signaling system,American Telephone & Telegraph
US2369622,H04B 10,1941,navigation machine,Toulon Pierre Maric Gabriel
US2371905,H04L 7,1941,phase shifting,Rca Corp
US2372604,B23Q 35,1941,dual duplicator,Rosen Oscar E
US2374439,G08B 21,1941,indicate device,Leo M Herkert
US2385334,G06G 7,1941,calculator, Peter Davey
US2387444,H02J 13,1941,remote control system,Wurlitzer Co
US2396497,A61N 1,1941,timing control,Lektra Lab Inc
US2401779,G06G 7,1941,calculator,Bell Telephone Labor Inc
US2402058,H04K 1,1941,communication system,Hazeltine Research Inc
US2402989,G06K 13,1941,computing system,Ibm
US2403600,G01S 19,1941,indicate device,Rca Corp
US2403626,G01S 1,1941,radio system,Rca Corp
US2403975,G01S 3,1941,automatic following,Bell Telephone Labor Inc
US2404387,G06G 7,1941,calculator,Bell Telephone Labor Inc
US2405664,H03K 23,1941,electric accumulator,Ncr Co
US2406019,H03K 7,1941,pulse modulation,Int Standard Electric Corp
US2408081,F41G 5,1941,predictor system,Bell Telephone Labor Inc
US2413274,B23Q 35,1941,electrical control system,Continental Machines
US2414102,F41G 5,1941,handling system,Sperry Gyroscope Co Inc
US2424569,G05D 3,1941,electric motor control,Sperry Gyroscope Co Inc
US2239287,B23D 27,1940,cutting machine,Int Register Co
US2239310,H01H 63,1940,counter system,Bendix Aviat Corp
US2243584,G05F 1,1940,voltage  regulation,Gen Electric
US2247468,H04B 3,1940,automatic circuit,"Barr, Robert J Thorn, Ulrich"
US2247562,F16H 25,1940,thruster,B A Wesche Electric Company
US2248182,B06B 1,1940,vibratory motion,Mateer Edward W
US2250102,B23K 11,1940,condensor charge system,Raytheon Mfg Co
US2252457,H03K 5,1940,relay system,Vannevar Bush
US2252766,H04Q 1,1940,signal system,Bell Telephone Labor Inc
US2253508,G05D 1,1940,navigation machine,"Barbulesco Constantin D, Crane Carl J"
US2254812,G01B 3,1940,guage control,Sheffield Corp
US2257203,G05D 1,1940,proportion control, Leo M Harvey
US2259329,H02H 7,1940,vaper electric device,Westinghouse Electric & Mfg Co
US2261644,B23Q 35,1940,curve tracker,Gen Electric
US2264608,H04B 7,1940,radio system,Edwin H Armstrong
US2266862,H03K 21,1940,counting system,Hardey Virgil S
US2267950,H04Q 3,1940,telephone system,Bell Telephone Labor Inc
US2270246,H04M 15,1940,telephone system,Bell Telephone Labor Inc
US2274992,H03K 17,1940,time control system,Guardian Electric Mfg Company
US2275017,H01J 31,1940,signaling system,Mcnaney Joseph T
US2276665,H04Q 1,1940,telephone system,Bell Telephone Labor Inc
US2277000,H04N 5,1940,sync system,Philco Radio & Television Corp
US2277027,G01C 19,1940,telematric,West Instr Co Inc
US2278430,B23K 11,1940,condensor charge system,Raytheon Mfg Co
US2280019,G05D 3,1940,remote control system,Aga Baltic Radio Aktiebolag
US2281396,H04Q 1,1940,selecting circuit,Bell Telephone Labor Inc
US2281641,B23D 29,1940,rotary motion,Frederick Toop
US2282728,B23D 57,1940,attachment drills,Kern Joseph W
US2283383,H04L 13,1940,signaling system,Joseph T Mcnaney
US2284101,H03K 3,1940,impulse generator,Rca Corp
US2284870,H04M 15,1940,telephone system,Bell Telephone Labor Inc
US2288025,H03L 7,1940,radio system,Bell Telephone Labor Inc
US2288102,G05D 1,1940,radio system,Smith & Sons Ltd S
US2289987,H03K 3,1940,electronic keying,Rca Corp
US2293177,H03K 3,1940,electronic control system,Beil Telephone Lab Inc
US2293433,B65H 35,1940,tape serve machine,Nashua Gummed & Coated Paper
US2294457,H04Q 3,1940,selective system,Bell Telephone Labor Inc
US2295960,G05D 23,1940,measure control,Brown Instr Co
US2295968,G06M 3,1940,counter system,Production Instr Co
US2300505,H04Q 3,1940,selective system,Bell Telephone Labor Inc
US2300999,H03K 17,1940,electric counting,Westinghouse Electric & Mfg Co
US2301199,H04N 1,1940,facsimile system,Bell Telephone Labor Inc
US2302025,G06F 3,1940,computing device,Ibm
US2303654,G05B 11,1940,control machine,Honeywell Regulator Co
US2305930,H03K 4,1940,television system,Rca Corp
US2306456,G01R 13,1940,measure record,Olive S Petty
US2308620,G05D 3,1940,electric control,Lear Avia Inc
US2311359,G08G 1,1940,control system,Automatic Signal Corp
US2311455,G08B 27,1940,transmitter,American District Telegraph Co
US2313627,G08G 1,1940,treadle control system,Benjamin Cooper
US2314019,H02P 7,1940,control system,Niles Bement Pond Co
US2315755,G01S 3,1940,radio system,Allen Warner Louis
US2319622,H04R 1,1940,phnographic device,Miessner Inv S Inc
US2322653,G08C 21,1940,telautograph device,Bell Telephone Labor Inc
US2324987,H02P 7,1940,control system,Firestone Tire & Rubber Co.
US2325733,B23Q 5,1940,rapid lathe,Monarch Machine Tool Co
US2326515,H04N 7,1940,television system,Gen Electric
US2326584,H04J 3,1940,television system,Hartford Nat Bank & Trust Co
US2328613,B24B 23,1940,polishing machine,Skilsaw Inc
US2330822,G05D 3,1940,follow up control,Ernst Fischer Friedrich
US2336376,G05B 19,1940,phtoelectric control,Ind Scient Corp
US2337589,G05D 1,1940,automatic gear,Britton Chance
US2338395,H03K 3,1940,signal transmission system,Gen Electric
US2338991,G01V 3,1940,magnetic control system,Lane Wells Co
US2347590,G08C 19,1940,electric control,Eugen Binder
US2348862,B41F 13,1940,registratoin control,Fred Goat Co Inc
US2352183,G05G 19,1940,control system,Bullard Co
US2369783,G04C 23,1940,reciever control,John H Homrighous
US2403852,G08C 19,1940,electronic control system,Ncr Co
US2404918,H03K 23,1940,counting system,Research Corp
US2405238,G01S 13,1940,indicate device,Rca Corp
US2408524,B07C 5,1940,electric gauge, Kobe Inc
US2444429,H04L 25,1940,telegraph reciever,Claud E Cleeton
US2208635,G01D 5,1939,displacement control,Axel H Johnson
US2209507,H04N 5,1939,sync system,Du Mont Allen B Lab Inc
US2220872,F16H 21,1939,motion converting,Petco Inc
US2222947,G05D 23,1939,control system,Brown Instr Co
US2224677,H04Q 3,1939,signaling system,Bell Telephone Labor Inc
US2235385,B23K 9,1939,welding,Alexander Rava
US2239776,H03C 1,1939,modulator,Hazeltine Corp
US2242897,B23K 11,1939,control system,Westinghouse Electric & Mfg Co
US2245894,B23Q 15,1939,size controll,Bryant Grinder Corp
US2248442,H03L 7,1939,radio system,Rca Corp
US2249753,H03J 5,1939,electric control,Elliott Harold F
US2249820,B26D 5,1939,register control,Finn H. Guiilksen
US2250209,B41F 13,1939,control system,Gen Electric
US2250241,B23Q 35,1939,hydraulic device,Starrfrasmaschinen A G
US2252293,H03K 7,1939,modulation system,Bell Telephone Labor Inc
US2258859,G06G 3,1939,analyze curve,Leon V Mitelman
US2258912,B65H 35,1939,dispense machine,H. Steen
US2259472,B23Q 35,1939,machine copying,Bailey Meter Co
US2262362,B26D 5,1939,register regulator,Westinghouse Electric & Mfg Co
US2264067,B23K 11,1939,resistance control system,Gen Electric
US2264333,H02P 7,1939,machine speed control,Submarine Signal Co
US2264615,B41B 27,1939,photographic recorder,Ibm
US2265216,H04J 3,1939,multiplex telephone system,Hartford Nat Bank & Trust Co
US2267827,H04M 3,1939,signaling system,Bell Telephone Labor Inc
US2267986,H01H 47,1939,follow up control,Mackavanagh Thomas J
US2268001,H04N 7,1939,television system,Fernseh Gmbh
US2272070,H04B 14,1939,electric signal system,Int Standard Electric Corp
US2273191,G05D 23,1939,measure and control,Brown Instr Co
US2275016,H03K 3,1939,control system,Rca Corp
US2275317,G05B 11,1939,measure control,Bailey Meter Co
US2275460,H03K 3,1939,electric beam,Page Robert M
US2279018,G11B 5,1939,sound record,Rca Corp
US2279646,G01J 3,1939,spectral analysis,Smith Frank P
US2282046,H04J 3,1939,signaling system,Rca Corp
US2283240,B23Q 35,1939,contouring device,Merco Trinkle Machine Co
US2283476,B64C 25,1939,electronic tele control,Ver Deutsche Metallwerke Ag
US2283754,G05D 1,1939,automatic airplane,Sperry Gyroscope Co Inc
US2284415,H04B 7,1939,relay system,Rca Corp
US2285540,F15C 3,1939,control system,Leeds & Northrup Co
US2286561,G05D 1,1939,automatic airplane,Smith & Sons Ltd S
US2288628,H01F 29,1939,electric phase shifing,Lee Frederick W
US2294620,B41F 13,1939,rotary printing,Asea Ab
US2295388,H02J 3,1939,automatic contorl system,Westinghouse Electric & Mfg Co
US2301748,H04Q 3,1939,electric signal system,Ass Telephone & Telegraph Co
US2302009,G06F 1,1939,computing device,Ibm
US2308778,H04Q 3,1939,telephone system,Prince Jr Leon M
US2310955,G05B 11,1939,measure control,Hornfeck Anthony J
US2311682,B30B 15,1939,automatic machine,American Can Co
US2313209,H04J 7,1939,communication system,Georges Valensi
US2318372,G06M 1,1939,operating system,Wrought Washer Mfg Co
US2319480,B23Q 17,1939,micrometer dial,Kearney & Tecker Corp
US2325764,G04F 5,1939,musical device,Gall Charles C
US2325941,G06K 19,1939,computing machine,Ibm
US2331698,G05B 1,1939,measure and control,Brown Instr Co
US2336492,G05B 11,1939,computing device,Wallace & Tiernan Inc
US2348141,G06M 3,1939,computing device,Ibm
US2411741,G01J 3,1939,color matching,Gen Electric
US2438487,F25C 1,1939,articulate ice tray,Servel Inc
US2452549,H03K 3,1939,pulse generator,Cleeton Claud E
US2124906,G06F 7,1938,computing machine,Ibm
US2129049,B23Q 17,1938,milling machine,Gray & Co G A
US2142882,B23B 5,1938,contouring device,Sellers William & Co Inc
US2150813,F16K 31,1938,valve control,Ball Russell C
US2167484,G05D 3,1938,follow up control,Gen Electric
US2169026,B26D 5,1938,cutter register,Westinghouse Electric & Mfg Co
US2169135,B23Q 35,1938,hydraulic device,Brandenberger Heinrich
US2175009,B23K 9,1938,electric control,Gen Electric
US2175320,H03J 7,1938,remote control,Telefunken Gmbh
US2178131,B23Q 35,1938,copying machine,Deckel Friedrich
US2178333,H04B 3,1938,gain control,Bell Telephone Labor Inc
US2179915,H04B 3,1938,gain control,Bell Telephone Labor Inc
US2185199,H04L 27,1938,keying system,Rca Corp
US2185693,H04J 3,1938,signaling system,Bell Telephone Labor Inc
US2191997,G01R 17,1938,measure and control,Brown Instr Co
US2193850,H03K 4,1938,oscillation,Telefunken Gmbh
US2195006,B26D 5,1938,register control,Westinghouse Electric & Mfg Co
US2196385,G05D 1,1938,navigation machine,Florez De
US2199634,H04K 1,1938,communication system,Rca Corp
US2201174,G05D 1,1938,automatic airplane,Sperry Gyroscope Co Inc
US2203468,H03K 17,1938,time control system,Rca Corp
US2204290,G05D 1,1938,automatic control,Robert Alkan
US2205555,G08G 1,1938,treadle circuit,Benjamin Cooper
US2208378,G01S 1,1938,indicate radio purpose,Rca Corp
US2210574,H03K 5,1938,signal system,Ibm
US2211942,H04N 5,1938,electrical signal control,Emi Ltd
US2212799,G06G 7,1938,harmonic analyzer,Sperry Arthur B
US2212967,H03K 5,1938,television system,Emi Ltd
US2213941,H04J 3,1938,signaling system,Bell Telephone Labor Inc
US2216454,H03G 7,1938,volume control,Telefunken Gmbh
US2221517,H02M 1,1938,electric control,Gen Electric
US2227285,B23K 11,1938,welding controller,Cutler Hammer Inc
US2230502,G01V 3,1938,electrical system,Sperry Sun Well Surveying Co
US2232993,B21C 1,1938,wire drawing machine,Nat Standard Company Inc
US2237655,H04N 5,1938,television system,Rca Corp
US2238249,H03C 3,1938,phase shifting,Rca Corp
US2240184,G01B 7,1938,electric gauge,Gen Electric
US2241156,H03K 23,1938,selecting system,Stromberg Carlson Telephone
US2244500,H04M 1,1938,telephone system,Bell Telephone Labor Inc
US2250284,H04N 5,1938,frequency control,Rca Corp
US2255739,B23B 3,1938,machine tool,Potter & Johnston Machine Comp
US2258943,H04N 5,1938,sync system,Rca Corp
US2262354,B23Q 35,1938,control system,Brown Instr Co
US2262838,H04J 3,1938,signaling system,Int Standard Electric Corp
US2266401,H04J 3,1938,signaling system,Int Standard Electric Corp
US2266668,H03K 3,1938,frequency control system,Nat Television Corp
US2270991,G01D 15,1938,meter,Kurman Electric Co
US2273193,H04J 3,1938,frequency control system,Bell Telephone Labor Inc
US2278654,H02K 19,1938,inductor,Western Union Telegraph Co
US2281405,G10L 21,1938,transmission system,"Barrish George, Barrish Robert Lloyd"
US2286571,B25J 9,1938,position control system,Pollard Willard L V
US2294209,H03C 3,1938,radio system,Gen Electric
US2295000,G08C 19,1938,rapid calculator,Eastman Kodak Co
US2302049,G05F 1,1938,measure and control,Brown Instr Co
US2305878,G05B 11,1938,ELECTROnic control system,Adolf Krtissman
US2307099,H04L 15,1938,speed telegraph,Rca Corp
US2307503,B23Q 35,1938,machine control,Westinghouse Electric & Mfg Co
US2101754,B23Q 5,1937,carraige control,Anna M Randall
US2125584,B24B 19,1937,adjusting device,Rotzoll Erich
US2131759,G05D 3,1937,machine control,Submarine Signal Co
US2133161,B30B 15,1937,electric power control,Clark Controller Co
US2140138,H04M 1,1937,impulse measure system,Bell Telephone Labor Inc
US2146876,H04N 7,1937,transmission system,Rca Corp
US2147728,H01Q,1937,phase shifting,Bell Telephone Labor Inc
US2150032,B23Q 5,1937,machine speed control,Vickers Inc
US2152336,H03J 7,1937,remote control,Philips Nv
US2154354,H02P 9,1937,regulator system,Russell Ranson
US2155267,G01B 7,1937,foil guage,Gen Electric
US2158285,G04F 10,1937,impulse measure system,Rca Corp
US2162491,B23Q 35,1937,tracer machine,Rosen Oscar E
US2165800,G05D 1,1937,navigation machine,Rca Corp
US2166316,B61L 5,1937,train system,Union Switch & Signal Co
US2166688,H04N 5,1937,television system,Rca Corp
US2166785,H02J 3,1937,sync system,Gen Electric
US2167189,B23B 39,1937,machine tool,Verderber Joseph
US2170751,H04B 1,1937,frequency control system,Gabrilovitch Leonide
US2179822,G06G 5,1937,balacne computer,Lewis W Imm
US2182555,H03K 3,1937,frequency control system,Telefunken Gmbh
US2183725,G05D 3,1937,remote control system,Rca Corp
US2185363,H03K 4,1937,thermionic valve,Emi Ltd
US2185367,H03F 3,1937,thermer valev control,Emi Ltd
US2186268,G01R 13,1937,recording system,Westinghouse Electric & Mfg Co
US2193606,G01J 3,1937,photosensitive,Westinghouse Electric & Mfg Co
US2199820,H03H 11,1937,radio system,Bell Telephone Labor Inc
US2203689,G05D 23,1937,record and control,Foxboro Co
US2204438,G01S 1,1937,navigation machine, Neufeld Jacob
US2207744,G08C 19,1937,coding mechanism,Teletype Corp
US2209395,H03B 19,1937,signal system,Ibm
US2213246,G11B 5,1937,magnetic sound recording,Herman S Heller
US2215776,H03K 4,1937,cathod ray system,Int Standard Electric Corp
US2218818,B21D 37,1937,hydraulic machine,Vickers Inc
US2221516,G01B 7,1937,thickness control system,Gen Electric
US2224646,B07C 5,1937,electric control system,"William F Friedman, Vernon E Whitman"
US2225680,H04M 1,1937,impulse system,Boswau Hans P
US2228843,H02M 7,1937,electric valve,Gen Electric
US2229326,G11B 5,1937,sound record,Heller Herman S
US2229449,H03H 7,1937,phase shifting,Gen Electric
US2230681,H04L 25,1937,telephone system,Teleregister Corp
US2233415,G05D 3,1937,position control system,Sperry Gyroscope Co Inc
US2236532,H03B 19,1937,freqeuency control,Gibbs Thomas B
US2245829,H02J 13,1937,remote control system,Rca Corp
US2253654,G05D 3,1937,remote control system,Telefunken Gmbh
US2255814,G01G 19,1937,distributor device,Jean A Roche
US2257757,G01S 3,1937,radio system,Sperry Gyroscope Co Inc
US2268859,H04Q 1,1937,impulse control system,Zwietusch E & Co Gmbh
US2269501,G06M 1,1937,traffic counting,Streeter Amet Co
US2279338,B23K 7,1937,cutting machine,Oxweld Acetylene Co
US2318591,H03M 1,1937,digital serve,Louis Couffignal Pierre
US2349963,G05B 11,1937,measure control,Brown Instr Co
US2364873,B23Q 35,1937,control device,Rosen Oscar E
US2066617,B65H 35,1936,dispense machine,Nashua Gummed & Coated Paper
US2066619,B65H 35,1936,dispense machine,Nashua Gummed & Coated Paper
US2066949,G01C 21,1936,navigation machine,Gen Electric
US2082607,H02J 7,1936,electric system,Gen Electric
US2091152,H01J 31,1936,ocsillograph,Gen Electric
US2092142,B23C 3,1936,automatic system,Schuz Hans
US2092442,H04J 3,1936,communication system,Cameron Colwell Robert
US2097392,H04L 17,1936,electronic control system,Finch William G H
US2098051,H04L 27,1936,oscillation,Gen Electric
US2100375,H03G 3,1936,gain control,Bell Telephone Labor Inc
US2100934,B64C 17,1936,airplane control,Eclipse Aviat Corp
US2104200,B23K 9,1936,weld control,Smith Corp A O
US2104690,H02M 1,1936,electric valve,Gen Electric
US2105016,H04M 7,1936,telephone system,Associated Electric Lab Inc
US2106342,H04B 1,1936,electric discharge,Bell Telephone Labor Inc
US2113011,H03B 19,1936,thermionic valve,Emi Ltd
US2113214,H04B 14,1936,frequency control system,Rca Corp
US2117752,H03B 19,1936,harmonic,Bell Telephone Labor Inc
US2129920,G05F 1,1936,electric control system,Gerald Alan S Fitz
US2130172,H03C 3,1936,radio system,Armstrong Edwin H
US2132213,G01C 13,1936,recording system,Bell Telephone Labor Inc
US2133456,H04L 25,1936,telegraphy system,Bell Telephone Labor Inc
US2134743,B23Q 17,1936,position control system,Ingersoll Milling Machine Co
US2134901,G05D 3,1936,electric control,Republic Flow Meters Co
US2137545,H04N 5,1936,circuit detector,Firm Of Fernseh Ag
US2137847,G05D 1,1936,moving machine,Gen Electric
US2138862,A61B 17,1936,utility tool,Walter E Johnston
US2142602,G01P 1,1936,phtoelectric control,Blethen Fredrick W
US2144337,G06G 7,1936,electrical device,Rca Corp
US2144735,B23Q 5,1936,machine tool,Sundstrand Machine Tool Co
US2154252,B41C 1,1936,routing machine,Shilkoff
US2154492,H03K 3,1936,radio signal system,Rca Corp
US2155229,H02H 11,1936,protective system,Gen Electric
US2163632,H02P 7,1936,rotation control,Submarine Signal Co
US2164728,G05D 3,1936,electric control,Republic Flow Meters Co
US2166824,G01J 5,1936,temperature control,Gen Electric
US2168047,G08C 21,1936,electric control,Bell Telephone Labor Inc
US2170087,G01C 9,1936,indicate device,Harry L Mcpherson
US2171151,H03C 1,1936,modulator,Telefunken Gmbh
US2172354,H04J 3,1936,signaling system,Emi Ltd
US2173921,B23K 11,1936,welding timer,Cutler Hammer Inc
US2175573,H01J 31,1936,electric beam,Telefunken Gmbh
US2176742,G05D 3,1936,frequency control,Gen Electric
US2179690,H04L 25,1936,telemetric device,Western Union Telegraph Co
US2187364,B64C 11,1936,airplane control,Paulin Jean Pierre Ratie
US2198248,H04B 1,1936,communication system,Rca Corp
US2226677,B23Q 35,1936,automatic machine,Vikhman Victor
US2235826,F41G 5,1936,airplane control,Sperry Gyroscope Co Inc
US2240428,H03J 7,1936,electrical control system,Philco Radio & Television Corp
US2256482,G08C 19,1936,data control system,Sperry Gyroscope Co Inc
US2256487,G05D 3,1936,data transformer,Sperry Gyrescope Company Inc
US2004613,H03H 7,1935,phase shifting,Bell Telephone Labor Inc
US2006737,H05B 41,1935,flash device,Westinrhonse Electric a Manufacturing Com
US2017920,B65H 20,1935,printing machine,Nat Postal Meter Company
US2018720,B30B 15,1935,electronic control system,Cutler Hammer Inc
US2036983,H02P 5,1935,sync system,Gen Electric
US2071180,B23Q 15,1935,electric control,Niles Bement Pond Co
US2078667,H02J 3,1935,automatic control system,Westinghouse Electric & Mfg Co
US2079837,F16H 63,1935,power mechanism,Buckley Arthur H
US2085442,G05D 3,1935,remote control system,Newell Arthur B
US2088654,G05D 3,1935,position control system,Sperry Gyroscope Co Inc
US2091562,F24F 3,1935,air conditioning,B F Sturtevant Co
US2099065,H04L 13,1935,distributor device,American Telephone & Telegraph
US2111607,H04B 3,1935,telephone system,Bell Telephone Labor Inc
US2111643,G01V 1,1935,seismometer,Western Geophysical Company
US2113165,H02P 25,1935,speed control,Rca Corp
US2114013,F16K 31,1935,valve control,Ball Russell C
US2120882,H03C 1,1935,modulator,Stuart Ballantine
US2126910,G05D 1,1935,electrical control system,Sperry Gyroscope Co Inc
US2134982,B61L 1,1935,train system,Gen Railway Signal Co
US2139558,G05D 3,1935,gyro,Sperry Gyroscope Co Inc
US2141237,H04L 25,1935,electric telegrphy,Commercial Cable Company
US2143035,G01S 1,1935,distance measure device,Submarine Signal Co
US2148267,G01S 1,1935,radio system,Henri Honore Etienne Augustin
US2148578,H04Q 1,1935,signal system,Bell Telephone Labor Inc
US2150776,G08G 1,1935,traffic anallyzer,Gen Electric
US2158584,G01S 1,1935,navigation machine,Siemens App & Maschinen Gmbh
US2165733,G06M 1,1935,counter system,Veeder Root Inc
US2165892,G08C 15,1935,telemetric device,American Telephone & Telegraph
US2168460,G08B 25,1935,signaling system,Ibm
US2172313,B23Q 35,1935,automatic control,Union Carbide & Carbon Corp
US2206852,H01J 40,1935,testing machine,Illinois Tool Works
US2207709,G01S 1,1935,radio system,Sperry Gyroscope Co Inc
US2207743,G08C 19,1935,tele control,Teletype Corp
US1790722,H04N 1,1934,photo,R. H. Ranger
US1998939,B23Q 35,1934,contouring device,Gen Electric
US2008399,H02H 7,1934,back arc,Westinghouse Electric & Mfg Co
US2032598,B23Q 15,1934,automatic lathe,Pratt & Whitney Co
US2034708,H03J 5,1934,remote control system,Bell Telephone Labor Inc
US2043923,C10M,1934,lubricant process,Alox Corp
US2050059,H03K 3,1934,relay system,Rca Corp
US2050629,G01F 23,1934,electric tele control,Leeds & Northrup Co
US2056769,G05B 11,1934,electric control system,Siemens Ag
US2061734,H03K 7,1934,signaling system,Rca Corp
US2080186,G01C 21,1934,remote control,Reymond Henry Claude
US2087667,G01G 7,1934,computer device,Pennsylvania Railroad Co
US2087782,H02P 5,1934,speed control,Rossman Engineering Company
US2089441,G08C 19,1934,telemetric device,Builders Iron Foundry
US2098227,G01S 3,1934,telegraphy system,Csf
US2098695,G01R 13,1934,electrocardiograph,Southwick Laurence F
US2104801,G01R 23,1934,frequency control,Rca Corp
US2114330,H01C 10,1934,divider,Bristol Company
US2116593,B23Q 35,1934,cutting or milling machine,Western Electric Co
US2118944,G06M 1,1934,control system,Western Electric Co
US2128361,H05B 37,1934,electric system,Cutler Hammer Inc
US2132654,H04N 5,1934,electrical control system,Rca Corp
US2148026,B65H 35,1934,tape serve machine,Krueger Theodore H
US2213108,B25J 9,1934,painting machine, Pollard Jr Willard Lacey Georg
US1959178,B23Q 35,1933,tracker control,Cincinnati Milling Machine Co
US1959298,H02P 9,1933,regulator system,Westinghouse Electric & Mfg Co
US1969500,F01B 17,1933,crank ,Timken Roller Bearing Co
US1971313,G01R 13,1933,indicate device,Lewis Eng Co
US1973279,G05D 3,1933,electric control,Westinghouse Electric & Mfg Co
US1975023,H02P 5,1933,remote control system,Paul Duclos Ets
US1980146,H03K 17,1933,time control system,Philips Nv
US1980585,H03J 5,1933,radio control system,Hygrade Sylvania Corp
US1982216,G06K 13,1933,sorting machine,Ibm
US1983229,H02P 5,1933,displacement control,G & J Weir Ltd
US1986915,F03B 15,1933,hydraulic system,James Leffel And Company
US1994232,G01R 27,1933,frequency control system,Jr Oscar H Schuck
US1996665,B65C 11,1933,vend dispense machine,Charles Walker
US2007577,H03J 1,1933,remote control,LAB Corp
US2008623,G01F 3,1933,fluid meter,Mcgogy Donald H
US2012249,B23C 9,1933,automatic position machine,Cincinnati Milling Machine Co
US2021099,H04Q 9,1933,electric control system,Gerald Alan S Fitz
US2023436,H03K 3,1933,arrangement current,Telefunken Gmbh
US2029335,G05B 19,1933,control machine,Ingersoll Milling Machine Co
US2031639,H03C 1,1933,modulator,Rca Corp
US2032597,B23B 7,1933,automatic lathe,Pratt & Whitney Co
US2041245,H04J 3,1933,signaling system,Radio Res Lab Inc
US2044618,H01J 17,1933,electronic control system,Gen Electric
US2047922,B63B 29,1933,gyro,Nl Tech Handel Mij Giro
US2048081,H04J 3,1933,communication system,Riggs Alger S
US2057111,H04L 17,1933,telegraphy system,Teletype Corp
US2076335,H03K 5,1933,slsecting device,Meaf Mach En Apparaten Fab Nv
US2088659,G05D 3,1933,phase shifting,Sperry Gyroscope Co Inc
US2093197,H02M 7,1933,electric control system,Bbc Brown Boveri & Cie
US2098872,G06M 7,1933,electric control,"Bur Arnold G, Heins Rudolf J, Krippner Philip G"
US2115086,G05D 3,1933,remote control,Sperry Gyroscope Co Inc
US2189898,G06G 7,1933,communication system,Bell Telephone Labor Inc
US1926875,H03C 1,1932,modulator,Beil Telephone Lab Inc
US1927702,G06F 7,1932,computer device,Int Communications Lab Inc
US1930609,H04L 27,1932,signaling system,American Telephone & Telegraph
US1932589,H03B 19,1932,frequency control system,American Telephone & Telegraph
US1942209,B23Q 17,1932,machine tool,Brown & Sharpe Mfg
US1945496,B30B 1,1932,press actuate machine,Cushman Chuck Company
US1955322,H02P 25,1932,motor control,Westinghouse Electric & Mfg Co
US1956581,B23K 7,1932,reproduce machine,Marguerite Krebs
US1962943,H02J 3,1932,control system,Gen Electric
US1977536,H03C 1,1932,electrical control system,Tubbs Ernest A
US1981224,B23C 1,1932,automatic position machine,Associated Patents Inc
US1992055,H01J 40,1932,photoelectric,Gen Electric
US1993413,B30B 15,1932,electric control,Clark Controller Co
US1998938,G05D 3,1932,electronic control system,Gen Electric
US1999378,H03K 4,1932,television system,Rca Corp
US2000678,H03G 3,1932,CONDENSOR,Rca Corp
US2002353,H03J 1,1932,remote control,Fed Telegraph Co
US2018399,B07C 5,1932,guage control,Western Electric Co
US2018820,H03L 7,1932,frequency control,Rca Corp
US2025748,B23Q 35,1932,pattern control,Atlantic Prec Instr Company
US2025978,B60R 16,1932,electric switching,Getty Fred I
US2026330,G06K 9,1932,reading machine,Gustav Tausch
US2034738,H04B 7,1932,radio system,Rca Corp
US2048192,G06M 1,1932,counting system,Marston Curtis A
US2049376,H03K 21,1932,electrical system,Gen Electric
US2052255,B26D 5,1932,control system,Gen Electric
US2052263,B26D 5,1932,control system,Gen Electric
US2057820,B23K 7,1932,cutting and profiling,Air Reduction
US2058114,H03L 7,1932,frequency control,Rca Corp
US2067145,B61L 7,1932,traffic control system,Gen Railway Signal Co
US2087039,G06M 7,1932,counting system,G M Lab Inc
US2089936,G06M 7,1932,counter system,Ahlburg Frank
US2113164,G05D 23,1932,record and reproduce,Leeds & Northrup Co
US2115834,H02P 7,1932,motor control,Taylor Instrument Co
US2122464,H03K 25,1932,electrical control system,Associated Electric Lab Inc
US2123142,G06G 7,1932,calculating device,G M Lab Inc
US2139057,G01S 19,1932,radio system,Washington Inst Of Technology
US2199547,G06F 7,1932,recording system,Ibm
US2228902,B23Q 35,1932,automatic machine,Foxboro Co
US1844243,H02P 7,1931,motor control,Cutler Hammer Inc
US1869209,G01R 17,1931,thermer measure,Gen Electric
US1877605,G05D 23,1931,motor control system,Honeywell Regulator Co
US1886616,G11B 5,1931,recording system,Addison Invest Company
US1913200,G01R 13,1931,ocsillograph,Gen Electric
US1924003,B23C 3,1931,cutting machine,Pratt & Whitney Co
US1930155,B30B 15,1931,hydraulic press,Oilgear Co
US1931873,H04H 20,1931,frequency control,Bell Telephone Labor Inc
US1936947,H04L 25,1931,telegraph system,Western Union Telegraph Co
US1938684,G01R 31,1931,testing machine,Bell Telephone Labor Inc
US1938781,B23C 1,1931,milling machine,Cincinnati Milling Machine Co
US1939443,G05B 24,1931,regulator system,Westinghouse Electric & Mfg Co
US1939706,F41G 3,1931,gun system,Karnes James C
US1948185,F16F 9,1931,shock absorber,Padgett Joseph E
US1950011,G11B 7,1931,recording system,Wired Radio Inc
US1954142,H02P 25,1931,control system,Gen Electric
US1958258,G05D 1,1931,automatic machine,Gen Electric
US1965377,H04Q 1,1931,regenerator unit,Teleregister Corp
US1966077,H02H 9,1931,surge abstorbing system,Radio Patents Corp
US1976400,H03K 4,1931,cathode ray scanning,Telefunken Gmbh
US1977997,A63J 17,1931,control system,Rca Corp
US1994757,G01F 1,1931,controll physical change,Florez
US2003968,G11B 5,1931,telegraphy system,Bell Telephone Labor Inc
US2004294,H03G 3,1931,automatic volume control,Rca Corp
US2005018,B23Q 5,1931,hydraulic machine,Lapointe Machine Tool Co
US2005153,H04N 5,1931,sync system,Communications Patents Inc
US2005425,G11B 7,1931,recording system,Kwartin Bernard
US2018268,G01R 23,1931,indicate device,Westinghouse Electric & Mfg Co
US2055309,H04J 3,1931,communication system,George Ramsey
US2064454,H02P 25,1931,machine speed control,Sperry Gyroscope Co Inc
US2098587,G04C 23,1931,automatic radio control,Markowitz Jesse
US2103297,H04L 12,1931,computing system,Associated Electric Lab Inc
US1818963,H02P 5,1930,speed control,Gen Electric
US1827586,B07B 1,1930,vibrating mechanism,Walter L Keefer
US1831614,C10M,1930,gear,Six
US1849642,B23Q 15,1930,motion control system,Max Schenker
US1862327,G11B 7,1930,recording system,Rca Corp
US1866838,B23G 1,1930,radio control system,Victor C Thorne
US1868507,B24B 23,1930,portable sander,Freed A
US1890877,H04L 12,1930,electric signal system,Teleregister Corp
US1893205,B24B 49,1930,guage control,New Departure Mfg Co
US1896052,B23Q 5,1930,hydraulic,Oilgear Co
US1896805,G05D 1,1930,radio system, Sperry Gyroscope Co Inc
US1911178,B60L 15,1930,control system,Bbc Brown Boveri & Cie
US1921983,G01C 19,1930,gyro,Sperry Gyroscope Co Inc
US1928812,H02K 33,1930,electric control system,Westinghouse Electric & Mfg Co
US1946531,H04L 12,1930,electric signal system,Teleregister Corp
US1947249,H04M 11,1930,telegraphy system,Vannevar Bush
US1951523,G01B 9,1930,electric control system,Communications Patents Inc
US1960945,B65H 35,1930,strip system,Krueger Theodore H
US1963600,H04M 3,1930,signaling system,Associated Electric Lab Inc
US1977624,G05D 3,1930,position control system,Arma Engineering Co Inc
US1992945,H04L 12,1930,order device,Teleregister Corp
US2002374,B26D 5,1930,control system,Gen Electric
US2010158,F15B 11,1930,signaling system,Teletype Corp
US2013649,F16D 67,1930,clutch,Colman Howard D
US2020868,B23Q 5,1930,boring machine,W F & John Barnes Company
US2021743,H04J 3,1930,signaling system,Communications Patents Inc
US2031503,B26D 5,1930,light cell control,Griffith Rainey Alexander
US2046328,H04L 21,1930,printing telegraph system,Teletype Corp
US2055031,H01H 43,1930,control system,Prosperity Co Inc
US2068293,H04J 1,1930,electric machine,American Telephone & Telegraph
US2079429,G06F 7,1930,interpretating card,Ibm
US2096954,H04L 25,1930,computing system,Associated Electric Lab Inc
US2108025,B23Q 35,1930,hydraulic machine,Niles Bement Pond Co
US2108146,G06G 7,1930,ratio computer,Automatic Telephone & Elect
US2127687,B64C 11,1930,propeller,American Propeller Company
US2134118,H04L 12,1930,automatic monitoring,Int Standard Electric Corp
US2164032,H04B 14,1930,radio system,Day Albert V T
US2181682,H04L 12,1930,electric indicate system,Teleregister Corp
US2192217,H04L 12,1930,computing system,Associated Electric Lab Inc
US1747664,F41G 5,1929,automatic machine,Droitcour Howard Andrew
US1800760,G08C 21,1929,remote control,Sleeper Res Lab Inc
US1826963,H02P 1,1929,induction motor,Cutler Hammer Inc
US1844950,H04L 15,1929,automatic control,Rca Corp
US1849518,B60M 3,1929,power supply system,Frazer W Gay
US1855509,H04L 27,1929,radio system,Crosley Radio Corp
US1871710,G01R 7,1929,metering system,Westinghouse Electric & Mfg Co
US1873842,H03B 5,1929,frequency control system,Wired Radio Inc
US1883163,H03J 1,1929,remote control system,Bell Telephone Labor Inc
US1887460,B65H 35,1929,dispense machine,Nelson John H
US1893009,G06G 7,1929,calculator,Bethlehem Steel Corp
US1898477,H04J 9,1929,fading elimination,Telefunken Gmbh
US1901628,H02H 3,1929,electric device,Westinghouse Electric & Mfg Co
US1910254,H04S 3,1929,sound record,Bell Telephone Labor Inc
US1912707,B44B 3,1929,printing machine,James H Harriman
US1942602,H03B 5,1929,radio system,Wired Radio Inc
US1949509,B23D 51,1929,cutting machine,Int Register Co
US1951733,H02J 3,1929,power controller,Products Prot Corp
US1974207,H03J 5,1929,movement system,Morris Goldstein
US2008909,G08B 5,1929,signal system,Associated Electric Lab Inc
US2023221,G01R 17,1929,remote control system,Siemens Ag
US2025218,H03J 1,1929,remote control for radioreceiver,Fed Telegraph Co
US2055363,H03J 5,1929,remote control,Stromberg Carlson Telephone
US2094777,H03J 5,1929,selective control system,Morris Goldstein
US2095730,H04M 1,1929,computing system,Associated Electric Lab Inc
US2248937,H04L 12,1929,tele system,Associated Electric Lab Inc
US1732636,B65H 35,1928,strip system,Nashua Gummed & Coated Paper
US1738344,H02J 3,1928,control system,Gen Electric
US1749842,G05D 3,1928,electric control,Krupp Ag
US1762725,G01R 23,1928,indicate device,Bell Telephone Labor Inc
US1771445,H04L 25,1928,telegraphy system,American Telephone & Telegraph
US1771446,H04L 25,1928,telegraphy system,American Telephone & Telegraph
US1771551,H01F 29,1928,transformer,Robert Strohschneider
US1787550,B60L 15,1928,electric control,Union Switch & Signal Co
US1798044,B60L 15,1928,remote control,Giacomo Somajni
US1909471,H03K 17,1928,electric timing device,Stirlen Engineering & Res Corp
US1925904,G01B 7,1928,guage control,Goodrich Co B F
US1930159,G05D 3,1928,radio remote control system,Crilly William P
US1930278,H03B 19,1928,ocsillograph,Bell Telephone Labor Inc
US1934753,H04N 1,1928,trans facsimiles,Ernest Wildhaber
US1936153,H04L 25,1928,electric transmission system,Bell Telephone Labor Inc
US1957672,H04Q 3,1928,telephone system,Associated Electric Lab Inc
US1967255,C10M 159,1928,lubricant process,William B D Penniman
US1974642,B26F 1,1928,cutting machine,Int Register Co
US1975791,B41J 5,1928,typewriter actuator,Edwin Hopkins
US1992727,H04R 19,1928,electric phonograph,American Telephone & Telegraph
US2052539,H04L 12,1928,electric indicate system,Teleregister Corp
US2139079,H04L 25,1928,translator,Teleregister Corp
US2380894,H04L 13,1928,communication system,Barber Colman Co
US1643721,B23D 49,1927,cincinnati,Henry A. Meyer
US1654238,H02P 7,1927,remote control,Chandler Edward F
US1661651,H01F 7,1927,electric control,Union Switch & Signal Co
US1669107,H02P 5,1927,automatic control,Gen Electric
US1722152,H02M 7,1927,electric control system,Gen Electric
US1727575,H03J 3,1927,frequency control,Wired Radio Inc
US1728311,G06G 7,1927,electrical control system,Bell Telephone Labor Inc
US1729595,G01S 1,1927,distance measure device,Harvey C Hayes
US1730283,E05F 15,1927,control system,Westinghouse Electric & Mfg Co
US1732635,B65H 35,1927,strip system,Nashua Gummed & Coated Paper C
US1733614,H03B 19,1927,frequency control system,Bell Telephone Labor Inc
US1755975,F41G 3,1927,indicate device,Gen Electric
US1777796,H03J 5,1927,tuning system,Hubbell Leroy S
US1779923,B25D 11,1927,rotary motion device,Emanuel Wagner
US1788533,H03B 5,1927,frequency control,Bell Telephone Labor Inc
US1789804,B23D 49,1927,saw,Irwin Rosenthal
US1825345,G01C 19,1927,gyro,Schneider & Cie
US1853284,G09F 19,1927,visual interpretation,Norman I Prosser
US1882010,B61L 7,1927,signaling system,Associated Electric Lab Inc
US1894025,G01B 3,1927,guage control,Western Electric Co
US1916997,G06K 13,1927,calculator,Tabulating Machine Co
US1928093,H04J 3,1927,signal system,Coyle Harold B
US1614147,H02J 5,1926,automatic system,Gen Electric
US1661217,A22B 5,1926,electric handsaw,Fred Farrell
US1700115,B24B 23,1926,polishing machine,Claude H Thompson
US1712763,H04L 15,1926,telegrphic signal,Louis Hamel Charles
US1743175,G08G 1,1926,traffic control system,Westinghouse Electric & Mfg Co
US1756915,F16F 15,1926,single eccentric weight,Gen Motors Res Corp
US1847105,G01F 1,1926,electric registering,Republic Flow Meters Co
US1562917,G08C 19,1925,indicate device,Anschuetz & Co Gmbh
US1589933,B44B 1,1925,cameograph,Giuseppe Bontempi
US1620374,B27B 11,1925,electric saw,Maloney Edward J
US1624156,G03B 21,1925,film projector,Wyko Projector Corp
US1640325,H04M 3,1925,communication system,Western Union Telegraph Co
US1641946,H01G 5,1925,dielectric condensor,Howard J Murray
US1648008,B23D 49,1925,electric handsaw,Holland Furnace Co
US1652715,B65H 35,1925,dispense machine,Mike Kligman
US1684137,F41G 5,1925,motor control,Gen Electric
US1690279,G10L 21,1925,visual interpretatoin,Edward B. Craft
US1698290,H03B 5,1925,oscillation,Gen Electric
US1700114,B24B 23,1925,polishing machine,Claude H Thompson
US1718499,A63J 17,1925,color display,Thomas Marguerite C
US1724057,H04B 1,1925,radio control system,American Telephone & Telegraph
US1742902,H04J 3,1925,radio communication system,Western Electric Co
US1744835,H03B 5,1925,frequency control system,American Telephone & Telegraph
US1754878,H04H 1,1925,radio system,Edward F Colladay
US1485154,G01B 3,1924,guage control,C E Johansson Inc
US1542127,B23D 49,1924,portalble electric saw,Hastings Charles B
US1593164,H04L 25,1924,electric sign control,Siemens Ag
US1600204,G08C 19,1924,angular motion,Gen Electric
US1607182,B23Q 11,1924,indicate device,Baker Walter W
US1637080,H04L 15,1924,signaling system,Kesses Charles H
US1669112,H02J 13,1924,electric control system,Gen Electric
US1683581,B23Q 35,1924,electric machine,Keller Mechanical Engineering
US1686327,G05D 3,1924,tele control,Elek Sche App Mit Beschraenkte
US1696512,G01F 23,1924,indicate device,White Louis A
US1706731,G10F 1,1924,photoelectric control,Jr John Hays Hammond
US1711290,B23Q 35,1924,electric tracer control,Keller Mechanical Engineering
US1723499,G06F 7,1924,computing system,Tabulating Machine Co
US1768966,G05D 3,1924,machine trasmission,Ford Instr Co Inc
US1819868,H04M 3,1924,electric control system,Gen Electric
US1826762,G01F 1,1924,ratio recorder,Bernard S Franklin
US1476538,G08B 5,1923,ELECTROnic control system,Evershed Vignoles Ltd
US1554698,G05D 3,1923,surge preventer,Gen Electric
US1554980,G08C 19,1923,calibrate motion,Gen Electric
US1620020,H01G 5,1923,condenser,Amsco Products Inc
US1739465,B23D 5,1923,automatic cut system,Jorgensen & Co A
US1474673,B23Q 35,1922,attachment lathe,Husted Monroe G
US1552321,H03K 17,1922,thermionic valve,Norman Lea
US1559992,H04B 7,1922,radio system,Drahtlose Telegraphie M B H Ha
US1564872,B64C 13,1922,airplane control,William H Mcmullen
US1569325,G01S 1,1922,radio system,Drahtlose Telegraphie Gmbh
US1703280,G08C 19,1922,stabilizer,Nicolai Minorsky
US1444242,B21D 28,1921,spacing control,Faust Albert A
US1444505,G06M 1,1921,counting system,Shawmut Eng Co
US1492319,E21B 47,1921,measure depth,Copeland Clint M
US1508796,G05D 3,1921,adjusting distance gun system,Siemens Ag
US1573850,G06G 7,1921,measuring factors,Naiman Julius M
US1587122,H02J 13,1921,electric switching,Western Electric Co
US1608527,H03M 1,1921,facsimile system,Western Electric Co
US1719535,H04L 15,1921,wireless telephone,Rca Corp
US1382821,B25D 11,1920,power hammer,Chicago Pneumatic Tool Co
US1416594,G08B 25,1920,tele control,Western Union Telegraph Co
US1453555,H01F 7,1920,electric control,Gen Electric
US1455795,G05D 3,1920,controlling production process,Lloyd Logan
US1460569,B66B 1,1920,electric elevator system,Brodesser Peter H
US1503824,G01B 5,1920,hasaiohic,Wsstsrbt Slectsic compaht
US1515995,G06G 7,1920,electric multiplying machine,Int Time Recording Co Ltd
US1850640,G08C 19,1920,sync transmssion system,Sperry Gyroscope Co Inc
US1300191,G07C 3,1919,recording system,George D Pogue
US1343554,B23D 5,1919,groove machine,William F Fischer
US1347695,B43L 13,1919,pantograph,George Gillespie
US1370540,G06M 1,1919,counter system,Hussey Charlie F
US1373586,B24B 3,1919,grinding machine,Barnes William O
US1381752,B23B 7,1919,automatic lathe,Scheyer Rmanuel
US1431627,G08C 19,1919,remote control,Bristol Company
US1459730,G06M 1,1919,register system,Harris Frank C
US1295572,G05D 23,1918,radio system,Charles Engelhard
US1340573,B64D 43,1918,navigation machine,Joseph A Steinmetz
US1350899,H02J 3,1918,electrical system,Gen Electric
US1364078,H04L 25,1918,telegraphic,Cushing Crehore Albert
US1726643,G01C 19,1918,indicate device,Helge A Borresen
US1320580,G05D 23,1917,set up device,American Rubber company
US1418739,H03B 5,1917,oscilliator,Western Electric Co
US1217572,B23Q 35,1916,machine,Clarence C Craley
US1238101,C10G 27,1916,plastic,Crew Levick Company
US1407078,G01G 23,1916,wegith control system,Murray Howard J
US1542038,G08C 21,1916,telautograph device,Day Albert V T
US1154252,G01C 3,1915,frequency control system,Absalom M Kennedy
US1338761,B28C 7,1915,time control system,Koehring Machine Company
US1346493,G09F 13,1915,sign system,"Hammond William P, Quincy Moses Edmund"
US1111033,G08B 25,1914,signal system,Postal Telegraph Cable Company
US1126899,F04B 9,1914,motion converting device,"Christ Specht, Thomas Williams"
US1166126,B23B 3,1914,machine ,George O Gridley
US1271603,B65H 35,1914,automatic control,Nat Binding Machine Company
US1298302,G01G 11,1914,measure device,Bemiss N Davis
US1322352,B23B 7,1914,automatic lathe,L. Schellenbach
US1155124,G01V 1,1913,signal machine,Submarine Wireless Company
US1274698,G01B 3,1913,gaging machine,Westinghouse Electric & Mfg Co
US1042692,G05D 3,1912,motor control,Gen Electric
US1042693,G05D 3,1912,motor control,Gen Electric
US1077725,G05B 19,1912,motor control,Gen Electric
US1126826,G08C 19,1912,electric signal,Siemens Ag
US1172058,B21D 28,1912,automatic system,Emanuel Scheyer
US1027775,F04B 9,1911,balance system,Company Of Deseniss & Jacobi Actiengesellschaft
US1040378,G07C 3,1911,electric signal system,Gisholt Machine Co
US1044379,B23D 51,1910,roller machine,George Habig
US1123067,G05D 3,1910,remote control,Siemens Ag
US961358,G06M 1,1910,indicate device,Minerallac Electric Company
US998273,B23Q 35,1910,machine tool,Rudolf Beuttenmueller
US921280,G04C 13,1909,time control system,Albert A Radtke
US1074424,G11B 5,1908,magnetic device,"Samuel M Kintner, Halsey M Barrett"
US876701,H03M 1,1907,electronic control system,Heinrich Drewell
US908605,F16H 21,1907,crank and yoke,Fred C Olin
US841325,B26F 1,1906,cloth-cutting machine,Simplex Cutting Machine Co
US811539,G05D 3,1905,electric control,Westinghouse Electric & Mfg Co
US839740,B29D 19,1905,machine,Elbert D W Rose
US853771,F01P 5,1905,trolley wheel,James F Cottrell
US977480,B41J 13,1905,type writing,Yost Writing Machine Co
US776212,B23D 5,1904,automatic roll machine,David S Anthony
US812507,B23D 51,1904,surgical engine,William H Ludewig
US913363,H04L 7,1903,electrical apparatus,Albert C Crehore
US702371,F04B 9,1901,motor system,Henry Andrew Meyer
US654130,B63H 20,1899,electric control,Gen Electric
US672320,F16F 15,1899,counterbalance system,Robert Edgar Ford
US642761,F16F 15,1897,reciprocating engine,Michael Holroyd Smith
US574780,B26D 1,1896,britton,P Two
US546553,G06C 1,1894,porter,F One
US552379,B23B 39,1894,Island,The Pettee Machine Works
US309608,F03G 5,1884,horse power,Lewis H. Davis
US170538,B23B 5,1875,tuning carriage,F One
