pid,ipc,YEAR,tech,com
US20150005785,A61B19,2016,robot arm collision,"St. Jude Medical, Atrial Fibrillation Division, Inc."
US8086008B2,A61B5,2003,"Device and method for superimposing patterns on images in real-time, particularly for guiding by localisation","Intuitive Surgical Operations, Inc."
US6167145A,G06F19,1996,Bone navigation system,"Surgical Navigation Technologies, Inc."
US3821469A,G06F3,1972,Graphical data device,Amperex Electronic Corp
US3868565A,G01S1,1973,"Object tracking and orientation determination means, system and process",Jack Kuipers
US3656161A,H04B13,1969,Maintaining a circularly polarized magnetic field at a moving point,Bell Telephone Labor Inc
US3644825A,G01V3,1969,Magnetic detection system for detecting movement of an object utilizing signals derived from two orthogonal pickup coils,Texas Instruments Inc
US3731752A,E21B7,1971,Magnetic detection and magnetometer system therefor,Kalium Chemicals Ltd
US4071456A,D06M13,1973,Fabric-softening compositions,Lever Brothers Company
US3787441A,C07C303,1971,Sultone recovery,Continental Oil Co
US3755429A,C11D1,1971,Process for the preparation of sulfonated detergent composition,Procter & Gamble
US3910258A,A61B5,1974,Cerebral activity monitor,Humetrics Corp
US3587563A,A61B5,1969,Heartbeat monitor,Us Army
US3706308A,A61B5,1970,Life detecting medical instrument,Neuro Data Inc
US3721230A,A61B5,1970,High-gain monitor to determine electro-cerebral silence,Overton M Iii
US3572324A,A61B5,1969,Automatic gain control for a cardiac monitor,Gen Electric
US3572321A,A61B5,1969,Electrocardiometer,Frigitronics Of Conn Inc
US3699947A,A61B5,1971,Electroencephalograph monitoring apparatus,Nat Res Dev
US3760796A,A61B5,1971,Method and apparatus for automatic analysis of brain wave signals,Humtrics Corp
US4058114A,A61B8,1974,"Ultrasonic arrangement for puncturing internal body organs, vessels and the like",Siemens Aktiengesellschaft
US3721227A,A61B8,1971,Transducer for pulse-echo ultrasonic exploration,Nulty D Mc
US3971133A,A61C13,1974,Dental restoration,Mushabac David R
US3963028A,A61M1,1975,Suction wand,"Texas Medical Products, Inc."
US3983474A,G01S1,1975,"Tracking and determining orientation of object using coordinate transformation means, system and process","Polhemus Navigation Sciences, Inc."
US4068156A,G05B19,1977,Rate control system for manipulator arms,Martin Marietta Corporation
US4262306A,A61B6,1977,Method and apparatus for monitoring of positions of patients and/or radiation units,Karlheinz Renner
US3567853A,G01S5,1969,Television position indicating apparatus,Bethlehem Steel Corp
US3673317A,H04N9,1970,Comparitive display of images in color,Westinghouse Electric Corp
US4182312A,G05B19,1977,Dental probe,Mushabac David R
US3664731A,A61B5,1970,Apparatus for determining eye point-of-regard, Systems Technology Inc
US3777740A,A61B8,1971,Method and apparatus for non-invasively visualizing blood vessels,Administrator For Veterans Aff
US3812858A,A61B18,1972,Dental electrosurgical unit,Sybron Corp
US3675655A,A61B18,1970,Method and apparatus for high frequency electric surgery,Electro Medical Systems Inc
US3731188A,G01R23,1971,Signal analysis of multiplicatively related frequency components in a complex signal,Tracor
US3582957A,G01R23,1969,Frequency analyzer,Us Navy
US3943914A,A61C19,1973,Remote-recording periodontal depth probe,Grenfell James W
US3660901A,A61C19,1970,Instrument of probing the length of a root canal of the tooth,Yugen Kaisha Hayashi Shika Slo
US3916529A,G01B7,1973, Method of and instrument for determining the length of a root canal,Calvin Mitchell Mousseau
US3753434A,G01B7,1971,Electronic device for measuring penetration of tooth root canal and endodontic therapy method,J Pike
US3727604A,A61B5,1971,Emotional level indicator,T Sidwell
US3943913A,A61C19,1974,Apparatus and method for determining tooth mobility,Johnson Robert J
US3577855A,A61C9,1969,Jaw hinge axis locator,Lloyd Baum
US3768459A,A61B5,1971,Cervical dilation measuring device,Utah Res & Dev Co Inc
US3752144A,A61B5,1971,Muscular evaluation method and testing apparatus,K Weigle
US4112587A,D21C9,1976,Method and means for drying a fibre material containing cellulose,A. Ahlstrom Osakeyhtio
US4024647A,F26B17,1976,Temperature controlled heater tray,"Ppg Industries, Inc."
US3939326A,H05B3,1975,Dual ribbon fuser,Xerox Corporation
US3649808A,G03G15,1970,Fusing device,Eastman Kodak Co
US3781516A,G03G15,1973,Fuser control system,Xerox Corp
US3558853A,G03G15,1969,Fuser system for copying machine,Xerox Corp
US3781517A,G03G15,1973,Fuser thermal protector,Xerox Corp
US3642364A,G03G15,1969,Transfer apparatus,Xerox Corp
US3697722A,G03D15,1970,Heating device for copying machines,Katsuragawa Denki Kk
US4117337A,A61B6,1977,Patient positioning indication arrangement for a computed tomography system,General Electric Company
US3708663A,A61B6,1971,Optical cephalostat,W Biederman
US4209254A,G01S5,1978,System for monitoring the movements of one or more point sources of luminous radiation,Thomson-Csf
US3951550A,G01B11,1974,Direction-sensing virtual aperture radiation detector,The Magnavox Company
US3649122A,G01C15,1969,Method and apparatus for measuring the position coordinates of one point in relation to a reference point,Zeiss Stiftung
US3709609A,H02G5,1969,Method and apparatus for optoelectronic axle measurement of motor vehicles,Volkswagenwerk Ag
US3739176A,E02F9,1970,Arrangement for the controlled guidance of a working machine with laser beams,Siemens Ag
US3723013A,G01B11,1973,Alignment system,Atomic Energy Commission
US3719424A,G21J5,1970,Radiant energy sensor,Gen Electric
US4039825A,G01C15,1974,Position indicating system,Zed Instruments Limited
US3816000A,G01B11,1972,Three axes alignment means,Mc Donnell Douglas Corp
US3628385A,G01C19,1969,Self-compensated azimuth pickoff device,Us Army
US3907435A,G01C15,1972,Light beam alignment target and method,Laser Alignment
US3603691A,H01S3,1969,Laser control for automatic alignment of structures,Lockheed Aircraft Corp
US3631601A,F16M11,1969,Method and apparatus for laying pipe,Lloyd J Mcnulty
GB1359581A,G01S3,1973,Optical trackers,British Aircraft Corp Ltd
US3894230A,G01D5,1973,Apparatus for detecting the position of a moving or modulated light beam,Coherent Radiation
US3640628A,F41G3,1969,Electro-optical target acquisition blanking system,Hughes Aircraft Co
US3775741A,G08G5,1970,Aircraft parking system,Sperry Rand Corp
US3674226A,B64F1,1970,Aircraft parking method and means,Federal Sign And Signal Corp
US3696248A,G01S17,1970,Laser tracking method and apparatus,Martin Marietta Corp
US3690599A,B64F1,1971,Aircraft docking guide,Ira Vincent Hager
US3742233A,G01L9,1971,Motion displacement transducer,Dresser Ind
US3590261A,G01L9,1969,Optoelectric transducers which utilize a single light source to produce both analog and digital outputs,Diginetics Inc
US3651509A,G06F3,1970,Light pen for display having inherent memory,Bell Telephone Labor Inc
US3559307A,G06F3,1969,Stylus actuated gas discharge system,Ibm
US3989384A,F41G3,1975,System for measuring small angular motions,The United States Of America As Represented By The Secretary Of The Army
US3684383A,F41G3,1969,Device for particularly continuous checking and/or indication of curvatures arising in gun barrels, Bofors Ab
US3796497A,G03F9,1971,Optical alignment method and apparatus,Ibm
US3612698A,G03F9,1969,Automatic holographic wafer positioning system and method,Ibm
US3683195A,G03F9,1971,"Apparatus for the automatic alignment of two superimposed objects,e.g. a semiconductor wafer and mask",Kasper Instruments
US3813171A,G01C15,1973,Laser beam survey method and apparatus,Laserplane Corp
US3573849A,H04N3,1969,Pattern generating apparatus,Bell Telephone Labor Inc
US3865483A,G03F9,1974,Alignment illumination system,Ibm
US3632215A,H01S3,1969,Apparatus for determining the position coordinates of a point relative to a reference point,Zeiss Stiftung
US3712740A,H01L21,1969,Method for the automatic alignment of two articles to be brought into register with one another,K Hennings
US3756723A,G01D5,1970,Method of measuring the displacement of an object and arrangement therefor,Leitz Ernst Gmbh
US3698808A,H01L21,1970,Optical masking device,Anvar
US3645626A,G03F7,1970,Apparatus for detecting defects by optical scanning,Ibm
US4004852A,G01C3,1975,Integrated automatic ranging device for optical instruments,Rockwell International Corporation
US3684374A,G02B7,1970,Focus detector,Humphrey Res Ass
US3898676A,G02B7,1972,Distance detecting device,Canon Kk
US3713371A,G03B19,1970,Automatic focusing camera,Ricoh Kk
US3838275A,G02B7,1973,Detecting apparatus for determining when image is in focus,Honeywell Inc
US3634689A,G05D3,1969,"Automatic position or condition control devices using relative rotation, linear positioning, and magnification",Hitachi Ltd
US3764213A,H04B10,1972,"Return-wave, phase controlled adaptive array",Hughes Aircraft Co
US3691483A,H01S5,1970,Phased array laser source,Klein Aaron D
US3846628A,G02B7,1973,Sensitivity balancing apparatus for photo responsive detecting circuits,Honeywell Inc
US3610934,G02B7,1969,Automatic focusing system utilizing means for alternately directing light over two paths having slightly different lengths,Century Geophysical Corp
US3708619A,G02B27,1970,Automatic focusing of optical systems,Goodyear Aerospace Corp
US3792260A,F16P3,1973,Photo-electric protection system for plotter,California Computer Products
US3945023A,G02B7,1974,Auto-focus camera with solid state range finder,Honeywell Inc.
US3736057A,G02B7,1971,Zone range finder apparatus,Eastman Kodak Co
US3836772A,G02B7,1973,Detecting apparatus for determining when image is in focus,Honeywell Inc
US3907434A,G01B11,1974,Binaural sight system,Zipcor Inc
US3654477A,A61H3,1970,Obstacle detection system for use by blind comprising plural ranging channels mounted on spectacle frames,Bionic Instr Inc
US4092072A,G01B11,1975,Optical sensors,Elliott Brothers (London) Limited
US3717413A,G01S3,1969,Sun sensing system for a flying body,Tokyo Shibaura Electric Co
US3614239A,G01S3,1970,Photoelectric space-object position measuring device,Us Air Force
GB1410322A,G01S3,1970,Method and apparatus for the location of a source of electro magnetic radiation,France Armed Forces
US3827807A,G01S3,1972,Star scanner,Nasa
US4111555A,G02B27,1976,Apparatus for measuring the angular displacement of a body,Elliott Brothers (London) Limited
US3917412A,G02B7,1972,Advanced helmet tracker using lateral photodetection and light-emitting diodes,Us Navy
US3664748A,G01C25,1969,Device for automatically setting the initial heading aboard craft utilizing gyroscopic navigation system,Etudes Realis Electronique
US3678283A,G01S5,1970,Radiation sensitive optical tracker,Us Navy
US4025192A,G01B11,1975,Optical measuring method,Aga Aktiebolag
US3653769A,G01C15,1970,Stadiametric ranging system,Us Navy
US3832056A,G01S7,1972,Distance measuring device using electro-optical techniques,Aga Corp
US3619058A,G01S17,1969,Distance measuring apparatus,Hewlett Packard Co
US3690767,G01S17,1970,Optical tanker-docking system,Systron Donner Corp
US3740141A,G01S17,1971,Timing and measuring methods and means for laser distance measurements,Laser Systems & Electronics
US3809477A,G01S17,1972,Measuring apparatus for spatially modulated reflected beams,Us Interior
US3733134A,G01M11,1970,Device for measuring mechanical deviation at remote location,Kyowa Electronic Instr Ltd
US3659948A,G01B11,1969,Optical device for aligning an object located at an arbitrary distance from the device,Philips Corp
US3898445A,G06K9,1972,Digitizing device,Univ Australian
US3637309A,G01B11,1969,Noncontact apparatus to determine reference information,Harry L Hosterman
US3633010A,G01H9,1970,Computer-aided laser-based measurement system,Geosystems Inc
US3791735A,G01B11,1971,Digital measuring apparatus,Nippon Kogaku Kk
US4136568A,G01M11,1977,Electro-optic space positioner,Grumman Aerospace Corporation
US3706493A,G01C3,1969,Ranging and aiming system,Itt
US3858201A,G01S3,1973,High angular resolution sensor,Itek Corp
US3662180A,G01S1,1969,Angle coding navigation beacon,Sanders Associates Inc
FR2417970B1,A61B17,1978,,Howmedica
US4259725A,G09G5,1979,Cursor generator for use in computerized tomography and other image display systems,General Electric Company
US3593310A,G09G5,1969,Display system,Dick Co Ab
US3729129A,G06F3,1971,Numerical computer peripheral interactive device with manual controls,Nasa
US3883861A,G06F3,1973,Digital data base generator,Gen Electric
US4129859A,G09G5,1976,Raster scan type CRT display system having an image rolling function,"Hitachi, Ltd."
US4116444A,A63F13,1976,Method for generating a plurality of moving objects on a video display screen,"Atari, Inc."
US3685038A,G09G5,1970,Video data color display system,Viatron Computer Systems Corp
US3747087A,G06G7,1971,Digitally controlled computer animation generating system,Computer Image Corp
US3750135A,G09G5,1971,Low resolution graphics for crt displays,Lektromedia Ltd
US3659283A,G09G5,1969,Variable size character raster display,Applied Digital Data Syst
US3668687A,G09G5,1969, Raster scan symbol generator,Sanders Associates Inc
US3624632A,G09G5,1970,Mixed alphameric-graphic display,Applied Digital Data Syst
US3893075A,G09G5,1972,Method and apparatus for digital scan conversion,Richard Orban
US3686662A,G09G1,1970,Circuit arrangement for the presentation of waveforms on viewing screens utilizing raster deflection,Int Standard Electric Corp
US3792464A,G09G5,1973,Graphic display device,Hitachi Ltd
US4026555A,A63F13,1975,Television display control apparatus,Alpex Computer Corporation
US3659285A,A63F13,1969,Television gaming apparatus and method,Sanders Associates Inc
US3750133A,G09G1,1971,Home television receiver modified to operate as video terminal,Rca Corp
US3836902A,G09G5,1971,Graphic display having recirculating video memory,Tokyo Shibaura Electric Co
US3821468A,H04N5,1972,Digital special effects generator,Sarkes Tarzian
US3793483A,H04N3,1972, Video image positioning control system for amusement device,N Bushnell
US3659284A,A63F13,1969, Television gaming apparatus,Sanders Associates Inc
US3874669A,A63F13,1973,"Electronic device for the simulation of an animated game, in particular the game of football",Rosalba Ariano
US3603962A,G09G1,1970,Color display for computer terminal,Rca Corp
US3936664A,G09G5,1973,Method and apparatus for generating character patterns,"Fuji Xerox Co., Ltd."
US4034983A,A63F13,1975,Electronic games,Massachusetts Institute Of Technology
US3778058A,A63F13,1969,Method of employing a television receiver for active participation,W Rausch
US3583538A,A63F7,1969,Electric ping-pong game and the like,Funtronics Inc
US3921161A,A63F13,1975,Preprogrammed television gaming system,Sanders Associates Inc
US4053740A,A63F13,1975,Video game system,Lawrence David Rosenthal
US4121283A,G09G5,1977,Interface device for encoding a digital image for a CRT display,Cromemco Inc.
US3549939A,G09G1,1969,Cathode ray tube system for producing half-tone images,Stromberg Datagraphix Inc
US3742289A,G09G5,1970,Video display system creating both horizontal and vertical sync pulses from the disc time track,Mobil Oil Corp
US3805253A,G09G1,1971,Apparatus for visual display of alpha-numeric data in colours,Redifon Ltd
US3652999A,G09G1,1969,Device for visualizing measured quantities,Siemens Ag
US3668686A,G09G1,1969,Control apparatus,Honeywell Inc
US3624634A,G09G5,1969,Color display,Rca Corp
US3906480A,G09G5,1973,Digital television display system employing coded vector graphics,Ibm
US3675232A,G09G5,1969,Video generator for data display,Gen Electric
US3581290A,G09G5,1969, Information display system,Sugerman Lab Inc
US3641558A,G06F3,1969,Multiplexed video generation,Ibm
US3555520A,G06F3,1969,Multiple channel display system,Rca Corp
US3725723A,G09G1,1970,Graphic display system,Elliott Bros
US3594608A,G06F3,1969,Electron beam display system having light detector pen with associated sampling and memory circuits,Tektronix Inc
US3611348A,G09G5,1969,Character display system,Ultronic Systems Corp
US3713135A,G09G5,1971,Digital symbol generator,United Aircraft Corp
US3973245A,G09G5,1974,Method and apparatus for point plotting of graphical data from a coded source into a buffer and for rearranging that data for supply to a raster responsive device,International Business Machines Corporation
US3631455A,G06F3,1969,Method and apparatus for code conversion,Bunker Ramo
US3668661A,G06F5,1969,"Character coding, memory, and display system",Ncr Co
US3911403A,G09G5,1974,Data storage and processing apparatus,Gte Information Syst Inc
US3599186A,G06F9,1970,Memory-centered computer system,Ibm
US3685020A,G06F12,1970,Compound and multilevel memories,Cogar Corp
US3716838A,G06F13,1970,Data processing system with selective character addressing of system store,Honeywell Inf Systems
US3693165A,G06F12,1971,Parallel addressing of a storage hierarchy in a data processing system using virtual addressing,Ibm
US3976982A,G06T3,1975,Apparatus for image manipulation,International Business Machines Corporation
US3763365A,G06F17,1972,Computer graphics matrix multiplier,Evans & Sutherland Computer Co
US3684876A,G06F17,1970,Vector computing system as for use in a matrix computer,Evans & Sutherland Computer Co
US4020281A,G06F3,1976,Iterative coordinate data approximation system for photoemissive pixel pattern displays,International Business Machines Corporation
US3917955A,G06F3,1973,Coordinate detecting apparatus for use with optical projecting apparatus,Fuji Photo Film Co Ltd
US3829614A,G01S3,1970,Automatic video contrast tracker,Saab Scania Ab
US3651508A,G06F3,1970,System for evaluating light pen strikes,Bell Telephone Labor Inc
US3512037A,G06F3,1969,Dot-scan tangent-fix tracking technique for graphic display systems,Burroughs Corp
US3873974A,G06K9,1973,Scanning system for location and classification of patterns,Geometric Data Corp
US3714372A,G06M11,1970,Method and apparatus for counting and classifying microscopic particles,Cognos Corp
US3795792A,G06M11,1971,Feature association in image analysis,J Gibbons
US4341220A,A61B90,1979,Stereotactic surgery apparatus and method,Pfizer Inc.
US3714428A,G01B3,1970,Marker for radiology,V Gasaway
NL7506593A,B82Y15,1974,A scanning device for nuclear medical diagnosis.,Philips Nv
US4071769A,A61B6,1975,"Tomography system having nonconcurrent, compound axial scanning",Picker Corporation
US4005527A,A61B6,1975,Depth gauge,Wilson Ralph S
US3915162A,A61B17,1974,Orthopedic pin identification means,Peter S Miller
US3682507A,G08B23,1970,Threaded fastener with stabilizing threads, Illinois Tool Works
US4115691A,A61B6,1975,Apparatus for identifying computerized axial tomographs,Emi Limited
US4174481A,A61B6,1976,Tomographic X-ray apparatus for the production of transverse layer images,Siemens Aktiengesellschaft
US3974388A,A61B6,1974,Patients' support installation for a tomographic X-ray apparatus,Siemens Aktiengesellschaft
US4051379A,H01J47,1975,Axial tomographic apparatus and detector,"Artronix, Inc."
US3654469A,G01T1,1969,Matrix-form proportional-mode radiation detector,Frederick W Kantor
US3703638A,G01T1,1969,Ionization radiation detector system for determining position of the radiation,Commissariat Energie Atomique
US3936646A,G21K1,1972,Collimator kit,Jonker Roelof R
US3934142A,A61B6,1973,Radiography,E M I Limited
US4047044A,A61B6,1976, Anode heat monitoring means,"The Machlett Laboratories, Inc."
US3973130A,G03B42,1973,Apparatus for recording information on a film,"Tokyo Shibaura Electric Co., Ltd."
US3683182A,G03B42,1969,Marking devices for x-ray film,Katum Corp
US3710696A,G03B27,1971,Apparatus for producing optical patterns,Lockheed Aircraft Corp
US3827070A,G03B17,1973,Digital data imaging system,Zeiss Stiftung
US4197855A,G01D5,1977,"Device for measuring the location, the attitude and/or the change in location or, respectively, attitude of a rigid body in space",Siemens Aktiengesellschaft
US3822694A,A61B5,1972,Method of monitoring mandibular positions and movement,Jankelson Bernard
US4228799A,A61B90,1977,Method of guiding a stereotaxic instrument at an intracerebral space target point,Anichkov Andrei D
EP0018166A1,A61B90,1979,Apparatus for use in stereotactic surgery,Pfizer Inc.
US3737660A,A61B6,1969,Apparatus for taking tomograms of parabolically curved objects,Hida X Ray
US3991310A,A61B6,1970,Biplane radiographic localization of target center for radiotherapy,Morrison Richard A
US3673394A,G01N23,1969,Measuring method and apparatus,North American Rockwell
GB1458196A,A61B5,1973,btaining x-ray photographs or images,Lowndes R B W
US3962579A,G01N23,1974,Three-dimensional radiography,Douglas Fredwill Winnek
US3665184A,H05G1,1969,Multi-colored stereoscopic x-ray imaging and display systems,Philips Corp
US3783282A,A61B6,1971,Stereoscopic radiography techniques and apparatus,R Hoppenstein
US3671745A,A61B6,1970,Three dimensional and/or time sequence x-ray apparatus,Photosystems Corp
US4608977A,A61B90,1979,System using computed tomography as for selective body treatment,Brown Russell A
US4386602A,A61M29,1977,Intracranial surgical operative apparatus,Sheldon Charles H
US3677262A,A61B1,1970,Surgical instrument illuminating endotracheal tube inserter,Henry J Zukowski
DE2115121A1,A61B90,1971,X,X
US3747603A,A61M29,1971,Cervical dilators,B Adler
US3648683A,A61F6,1970,Reversible intra-vas device,Nathan Brodie
US3589355A,A61F6,1969,Method for achieving reversible male sterilization,Hee Young Lee
US3994557A,G02B23,1974,Optical systems,The Secretary Of State For Social Services In Her Brittanic Majesty's Government Of The United Kingdom Of Great Britain And Northern Ireland
US4230117A,A61B90,1978,Stereotaxic apparatus,Anichkov Andrei D
US4419012A,G01S5,1979,Position measuring system,Elliott Brothers (London) Limited
US4168123A,F41G3,1977,Aircraft weapon systems,Elliott Brothers (London) Limited
US3633212A,G02B27,1970,System for determining the orientation of an object by employing plane-polarized light,Guy F Cooper
US3709608A,G01C25,1971,Angular alignment error measuring system,Us Navy
US4171155A,G02B7,1977,Method and apparatus for focusing a photographic apparatus,Asahi Kogaku Kogyo Kabushiki Kaisha
US3596101A,G02B7,1969,Optical systems for automatic focusing apparatus,Canon Kk
US4083056A,G02B7,1975,Focus detecting device for single-lens reflex cameras,Asahi Kogaku Kogyo Kabushiki Kaisha
US3762294A,G02B7,1970,Focusing apparatus,Minolta Camera Kk
US3571598A,G02B7,1969,Automatic focusing means using an analog signal correlator,Mc Donnell Douglas Corp
US3733989A,G02B7,1970,Automatic focusing arrangement,Agfa Gevaert Ag
US3827064A,G02B7,1972,Focus detector device,Canon Kk
US3618499A,G02B7,1969,Camera with coordinated aperture and focus adjustment means,Eastman Kodak Co
US3678835A,G02B7,1969,Automatic focusing device for cameras and the like,Canon Kk
US3691922A,G02B27,1971,A method and apparatus of contrast-dependent sharp focussing,Pentacon Dresden Veb
US3860935A,G02B7,1973,Auto focus camera,Honeywell Inc
US3938894A,G02B7,1973,Focus detecting device,Minolta Camera Kabushiki Kaisha
US3714524A,G02B27,1970,Device for generating a signal synchronous with focusing,Nippon Kogaku Kk
US3833806A,G02B7,1972,Automatic focus control circuit,Fuji Photo Optical Co Ltd
US4047187A,G03B7,1974,System for exposure measurement and/or focus detection by means of image senser, Canon Kabushiki Kaisha
US3717077A,G01J1,1972,Exposure control apparatus,Eastman Kodak Co
US3786263A,H04N3,1972,Method and apparatus for sensing radiation and providing electrical readout,Gen Electric
US3824608A,H03K21,1972,Electric shutter circuit,Nippon Kogaku Kk
US3742826A,G03B7,1970,Exposure control device,Canon Kk
US3609456A,H02H7,1969,Electric circuit for preventing the burning of an electric motor,Olympus Optical Ltd
US3677151A,G03B7,1970,Electronic exposure time measuring circuit with time indicator and shutter control means,Leitz Ernst Gmbh
US3703130A,G03B7,1970,Electronic shutter control device,Nippon Kogaku Kk
US3748979A,G03B7,1970,Electronic shutter apparatus for cameras,Copal Co Ltd
US3856989A,H04N5,1972,Sensors having charge transfer recycling means,Rca Corp
US3751586A,H04N5,1969,Circuit system for compensating the influence of the back-ground radiation on the picture display in an infra-red camera,Bofors Ab
US3872483A,G03B17,1973,Device for indicating digital exposure information in the viewfinder of a camera,Fuji Photo Optical Co Ltd
US3727527A,G03B17,1971,Photographic apparatus with liquid crystal voltage indicator,Agfa Gevaert Ag
US3626410A,G04G9,1969,Moving indicator electrochemical display,Gen Time Corp
US3818495A,G01J1,1972,Exposure value indicating means for photographic camera,Fuji Photo Optical Co Ltd
US3584962A,G01J1,1969,Digital light meter comprising plural light activated devices biased to become conducting at different illumination levels,Westinghouse Electric Corp
US4298258A,G01S17,1978,Distance measuring device,Minolta Camera Kabushiki Kaisha
US3999192A,G02B7,1970,Focus detecting system,Canon Kabushiki Kaisha
US4398540A,G01S15,1979,Compound mode ultrasound diagnosis apparatus,Tokyo Shibaura Denki Kabushiki Kaisha
US4135139A,A61B8,1976,Ultrasonic imaging apparatus operating according to the impulse-echo method,Siemens Aktiengesellschaft
US3790925A,G01S7,1969,Echo-sounding apparatus having a digital intermediate store,Electroacustic Gmbh
US3569966A,G01S7,1969,Time compression of radar video,William J Dunn
US4010466A,G01S7,1975,Method and system of electronic image storage and display,"Princeton Electronic Products, Inc."
US3830971A,H04N7,1971,Line standard converter for converting a television signal having a number of n-lines per image into a television signal having a number of m-lines per image,Philips Corp
US3621150A,G11B20,1969,Speech processor for changing voice pitch,Sanders Associates Inc
US3715509A,G01R23,1971,Method and means for providing resolution level selection in a spectrum analyzer,Us Air Force
US3531720A,H03H17,1969,Digital shift register filter with continuing frequency-fold sampling and time shared sub-band filtering,Boeing Co
US3792194A,G01S7,1972,Scan conversion apparatus,Westinghouse Electric Corp
US3663749A,H04N11,1969,Slow scan video method and system,Ibm
US3701846A,H04N5,1970,Method and apparatus for recording and reproducing video,George E Zenzefilis
US3668308A,H04N5,1970,A television system for terrain surveillance,Us Navy
US3864660A,A61B8,1973,Ultrascope,Rohe & 0 Scient Corp
US3904817A,G01S7,1974,Serial scan converter,United Aircraft Corp
US3810174A,G01S7,1969,Digital scan converter,Hughes Aircraft Co
US3774201A,G01S13,1970,Time compression signal processor,Raytheon Co
US3765018A,G01S7,1972,Digital scan converter,Hughes Aircraft Co
US3683373A,G01S7,1970,Solid state display of range and azimuth information,Motorola Inc
US3631483A,G01S7,1970,Short persistence radar display system,Westinghouse Electric Corp
US3633173A,G06F7,1970,Digital scan converter,Hughes Aircraft Co
US3784737A,H04N19,1973,Hybrid data compression,United Aircraft Corp
US3715483A,H04N21,1970,Bandwidth reduction system for use with video signals,Bell Telephone Labor Inc
US3729678A,H04B14,1971,Pcm system including a pulse pattern analyzer,Philips Corp
US4024490A,G01S15,1976,Multibeam sidelooking sonar display system,Westinghouse Electric Corporation
US3914730A,G01S7,1974,Moving window sonar display system,Westinghouse Electric Corp
US3925606A,H04N7,1974,Scan conversion apparatus,Westinghouse Electric Corp
US3806644A,H04N7,1973,Video format converter,Bell Telephone Labor Inc
US4058001A,G01S15,1976,Ultrasound imaging system with improved scan conversion,G. D. Searle & Co.
US3857052A,G07C3,1972,Inspection and analysis system,Rockwell International Corp
US3575043A,G01N29,1969,Elongate element ultrasonic inspection system,Air Prod & Chem
US3646805A,G01N29,1969,Ultrasonic flaw detection circuit,Amf Inc
US3856985A,A61B8,1973,Ultrasonic diagnostic apparatus,Tokyo Shibaura Electric Co
US3690311A,G01S15,1971,Ultrasonic scanning apparatus with transducer scanning rate-responsive transmitter,Zenith Radio Corp
US3954098A,A61B8,1975,Synchronized multiple image tomographic cardiography,Dick Donald E
US3624744A,A61B8,1970,Ultrasonic tester,Automation Ind Inc
US3778756A,A61B8,1972,Method and apparatus for visual imaging of ultrasonic echo signals utilizing a single transmitter,Gen Electric
US3864661A,G01S15,1973,Ultrascope,Rohe & 0 Scient Corp
US4240295A,G01S7,1977,Ultrasonic diagnosing apparatus,Tokyo Shibaura Denki Kabushiki Kaisha
US4010634A,A61B8,1974,Ultrasonic inspection method,Kretztechnik Gesellschaft M.B.H.
US3621708A,G01N29,1970,Appparatus for detecting interfaces in a body,Stelios Regas
US4318413A,G01S15,1978,Ultrasonic diagnostic apparatus,Tokyo Shibaura Denki Kabushiki Kaisha
US3937707A,C07D241,1972,"6-substituted 1-phenazinol 5,10-dioxide derivatives",Hoffmann-La Roche Inc.
US3586674A,C07D241,1969,"Organometallic derivatives of 6-lower alkoxy 1-phenazinol 5,10-dioxide",Hoffmann La Roche
US4062237A,A61B8,1976,Crossed beam ultrasonic flowmeter,Fox Martin D
US3766517A,G01S15,1972,Apparatus for measuring the speed of flowing media,Siemens Ag
US3987673A,G01S15,1974,Ultrasonic transducer devices,National Research Development Corporation
US3710792A,G01F1,1969,Doppler shift ultrasonic vascular flowmeter employing energy content of reflected wave,Nat Res Dev
US3712119A,G01N29,1970,Material tester,Automation Ind Inc
US3889533A,G01P5,1973,Acoustic wind sensor,Xonics Inc
US3671927A,G01S15,1970,Aircraft vortex detection system,Xonics Inc
US4141347A,G01S15,1976,Real-time ultrasonic B-scan imaging and Doppler profile display system and method,Sri International
US3922911A,G01F1,1971,Apparatus and method of determining flow,Hawker Siddeley Dynamics Ltd
US3896788A,G01F1,1973,Doppler effect blood flow meter,Hitachi Medical Corp
US3888238A,A61B8,1973,Ultrasonic blood vessel imaging system and method,Univ Stanford
US3756071A,G01N29,1969,"Process and apparatus for analyzing materials by means of ultrasonic pulses, employing the transfer function characteristic of each obstacle",Realisations Ultrasoniques Sa
US3789833A,A61B8,1971,Heart examination by means of ultrasound waves,Medische Faculteit Rotterdam
US3605724A,A61B5,1969,Heart motion imaging system,Magnaflux Corp
US3778757A,G01S15,1972,Method and apparatus for visual imaging ultrasonic echo signals utilizing multiple transmitters for reduced specular reflection effects,Gen Electric
US3789350A,G01S7,1972,Reduced bandwidth processing for ultrasonic image conversion,Us Navy
US3717843A,G01S17,1970,Holographic system for forming images of both stationary and moving objects,Bendix Corp
US3593254A,G01S15,1969,Sonography system,Columbia Broadcasting Syst Inc
US4033335A,G01T1,1975,Method and apparatus for multiplexing of physiological sensor signals with gamma ray camera data signals,Wisconsin Alumni Research Foundation
US3769966A,A61B5,1971,Apparatus for determining local cerebral blood flow,York University
US3591806A,G01T1,1970,Multicrystal tomographic scanner for mapping thin cross section of radioactivity in an organ of the human body,Atomic Energy Commission
US3658054A,A61B5,1970,Adjustable helmet face mask,Gen Technical Services Inc
US4045815A,H04N7,1976,System for combining analog and image signals into a standard video format,"The United States Of America As Represented By The Secretary Of The Department Of Health, Education And Welfare"
US3765009A,G09G1,1972,Apparatus for displaying waveforms of time-varying signals emloying a television type display,Gte Sylvania Inc
US3648270A,G01R13,1969,graphic display system,Bunker Ramo
US3798366A,A61B5,1972,Infrared imaging system,R Winkler
US3576944A,G01J5,1969,Scanning radiometer with plural reference sources,Us Navy
US3619648A,H03K5,1969,Circuit arrangement for restoring the direct-current component by the control of a reference value,Philips Corp
US3704342A,H04N3,1970,Infrared scanning system,Dynarad
US3742136A,G01J5,1970,Picture generating unit of the scanning type,Bofors Ab
US3579249A,G06M11,1969,Feature counter having between limits amplitude and/or width discrimination,Reynolds Metals Co
US3730985A,H04N5,1970,Viewing and measuring system for remote thermal energy sources,Orloff F
US3641348A,G02B23,1969,Thermal imaging system with thermal image superimposed on a target scene,Barnes Eng Co
US3718757A,G01J5,1970,Temperature monitoring,Ibm
US3898644A,G09G1,1973,TV display system,Qsi Systems Inc
US3818482A,G09G5,1971,Character display system,Matsushita Electric Ind Co Ltd
US3816730A,G04G9,1971,Electronic calculator with an incorporated digital clock,Omron Tateisi Electronics Co
US3546696A,G07C1,1969,Sports computer system,Digimetrics Inc
US3653204A,G04G9,1969,Digital display world clock,Seiko Instr & Electronics
US3646751A,G04F10,1969,Digital timing system,Detection Sciences
US3772874A,G01R13,1971,Display apparatus and chronometer utilizing optically variable liquid,Princeton Materials Science
US3612654A,G09F9,1970, Liquid crystal display device,Rca Corp
US3714663A,G01V1,1971,Timing number generator,Mobil Oil Corp
US3786481A,G09G5,1972,Digital television character generator,Us Navy
US3729730A,G09G5,1971,Display system,Cogar Corp
US3792613A,G01N29,1972,Pulse-echo ultrasonic test apparatus with cathode ray tube digital display,Krautkramer Branson
US3624712A,G01B17,1969,Ultrasonic pulse echo thickness-measuring device,Automation Ind Inc
US3721856A,G01R13,1969,Switching system for plural projection of traces on screen of single-beam cathode-ray tube,Wandel & Goltermann
US3803587A,G09G3,1972,Logic system,C Mead
US3696398A,H03M1,1969,Analog to digital converters having multiple units of measurement,Olivetti & Co Spa
US3714867A,G04G9,1971,Solid state watch incorporating largescale integrated circuits,Hamilton Watch Co
US3909818A,G06F3,1973,Multiple channel alphanumeric residential television video signal generator,Metrodata Corp
US3641559A,G06F3,1969,Staggered video-digital tv system,Ibm
US4103679A,A61B8,1977,Method and apparatus for measuring blood flow noninvasively,"Biosonics, Inc."
US3936791A,G10K11,1973,Linear array ultrasonic transducer,The Commonwealth Of Australia
US3940985A,G01F1,1975,Fluid flow measurement system for pipes,Westinghouse Electric Corporation
US3546935A,G01F1,1969,Fluid measurement system and method,Westinghouse Electric Corp
US4182173A,G01S15,1978,Duplex ultrasonic imaging system with repetitive excitation of common transducer in doppler modality,General Electric Company
US3939707A,G01S15,1973,Measurement of liquid flow,The Commonwealth Of Australia
US4097835A,G01S15,1976,Dual transducer arrangement for ultrasonic imaging system,Sri International
US4217909A,G01S15,1978,Directional detection of blood velocities in an ultrasound system,General Electric Company
US4109642A,A61B8,1972,Apparatus for ultrasonic arteriography,Institute Of Applied Physiology & Medicine
US3827115A,A61B8,1972,Method of manufacturing a catheter,Univ Erasmus
US3698051A,B41J2,1970,Method of making an acoustical transducer,North American Rockwell
US3710781A,A61M25,1970,Catheter tip pressure transducer, T Huthcins
US3769984A,A61N1,1971,Pacing catheter with frictional fit lead attachment,Sherwood Medical Ind Inc
US3805596A,G01S15,1972,High resolution ultrasonic imaging scanner,C Klahr
US3953823A,A61B8,1974,Velocity measurement apparatus using pulsed ultrasonic waves,Hitachi Medical Corporation
US3696324A,A61B8,1970,Electrical display systems,Gilbert Baum
US3728026A,G01S13,1970,Means for measuring distance when it is considered probable that foreign objects or particles are between the measuring instrument and the object to which the distance is to be measured,Asea Ab
US3733581A,G01S15,1971,Acoustic doppler wave recognition,H Kalmus
US4030062A,G01S15,1974,Direction determination in sonar systems,"Fried, Krupp Gesellschaft Mit Beschrankter Haftung"
US3835448A,H01Q3,1972,Multibeam steering system for a circular section acoustic transducer array,Thomson Csf
US3676839A,G10K11,1969,Switching apparatus for a phased transducer array,Edco Corp
US3967233A,G01S7,1972,Sonar system for classifying submerged objects,Etat Francais
US3585579A,G01S15,1969,Side looking sonar transducer,Westinghouse Electric Corp
US3742436A,G01S7,1971,Side looking sonar apparatus,Westinghouse Electric Corp
US3585578A,G01S15,1969,Side looking sonar apparatus,Westinghouse Electric Corp
US3553638A,B63C11,1969,Sonar scanning mechanism,Western Marine Electronics Co
US4070905A,G10K11,1975,Ultrasonic beam scanning,The Commonwealth Of Australia
US3919683A,G10K11,1973,Ultrasonic wave transmitting and receiving apparatus,Tokyo Shibaura Electric Co
US3911730A,G10K11,1973,Ultrasonic transducer probe system,Krautkramer Branson
US3820387A,G01N29,1972,Probe system for ultrasonic nondestructive testing,Krautkramer Branson
US3881164A,A61B8,1973,Cross array ultrasonic transducer,Commw Of Australia
US3685051A,G01H3,1969,Holographic imaging system using crossed linear arrays of energy sources and sensors,Tetra Tech
US4154113A,G01S15,1978,Ultrasonic imaging system,General Electric Company
US4079352A,G10K11,1972,Echo sounding technique,"Hoffmann-La Roche, Inc."
US4012952A,G01S15,1973,Ultrasonic system,Realization Ultrasoniques
US3918024A,G01S7,1974,Ultrasonic array for reflection imaging,Albert Macovski
US3836948A,G01S7,1972,Echo sounding technique,Hoffmann La Roche
US4005382A,G10K11,1975,Signal processor for ultrasonic imaging,Varian Associates
US4058003A,G01S7,1976,Ultrasonic electronic lens with reduced delay range,The Board Of Trustees Of The Leland Stanford Junior University
US3739324A,G01S7,1970,System for viewing detected objects,Westinghouse Electric Corp
US3964014A,B06B1,1974,Sonic transducer array,General Electric Company
US4257278A,A61B8,1979,Quantitative volume blood flow measurement by an ultrasound imaging system featuring a Doppler modality,General Electric Company
US4159462A,G01S15,1977,Ultrasonic multi-sector scanner,General Electric Company
US4030343A,A61B5,1974,Apparatus for providing an ultrasonic sectional view stating the proportion of meat and lard in biological material,"Akademiet For De Tekniske Videnskaber, Svejsecentralen"
US3722263A,G01N29,1970,Ultrasonic inspection apparatus,Ithaco
US4075598A,G10K11,1975,Ultrasonic wave transmitting and receiving apparatus,"Tokyo Shibaura Electric Co., Ltd."
US3918025A,G01S7,1973,Ultrasonic imaging apparatus for three-dimensional image display,Hitachi Ltd
US4602622A,A61B6,1979,Medical examination installation,Siemens Aktiengesellschaft
DE2139433A1,A61B90,1971,Geraet for stereotactic brain operations,Klaus Prof Dr Med Schmidt
US4368556A,B23B45,1980,Handle assembly,Robert Bosch Gmbh
US4207953A,B23Q11,1977,Particulate material intercepting arrangement for a hand held tool,Robert Bosch Gmbh
US3788423A,B23Q11,1972,Plenum chamber, Allied Chem
US3536149A,B23Q11,1969,Apparatus for suppressing sound and dust created by operation of rotary hammers,David W Laird
US3935909A,H01M2,1973,Electric hand tool,Mabuchi Motor Co. Ltd.
US3734207A,A61B17,1971,Battery powered orthopedic cutting tool,M Fishbein
US4064952A,B23Q11,1975,Device attachable to power drills for removal of material released during drilling,Helmut Lechner
US3850254A,B23Q11,1972,Suction device for extracting drill chippings,R Hirdes
US3781024A,B23Q11,1972,"Portable drilling apparatus including a mechanical,recirculating cooling system",H Ganser
US4638798A,A61B6,1980,Stereotactic method and apparatus for locating and treating or removing lesions,Shelden C Hunter
US4181939A,G06T11,1977,Scanner data multiplexer for interfacing a radiation detector array and a computer,Union Carbide Corporation
US3924129A,A61B6,1973,Method and apparatus for constructing a representation of a planar{3 s slice of body exposed to penetrating radiation,Emi Ltd
US4071760A,A61B6,1974,Radiography apparatus with photocell drift compensating means,Emi Limited
US3784820A,G01T1,1970,Tomographic scanning process,Univ Case Western Reserve
US3631244A,G01T1,1969,Tomographic radiation camera with mechanical readout,Nuclear Chicago Corp
US3808440A,G01T1,1971,Method and apparatus for measuring radioisotope distribution,Univ Sherbrooke
US3573458A,G01T1,1969,Positron camera with multiplane focusing,Hal O Anger
US3780290A,G03B42,1972,Radiation camera motion correction system,Atomic Energy Commission
US3697753A,G01T1,1969,Scintillation camera having a variable gain plural amplifier system,Picker Corp
US3852611A,A61B6,1972,Radiodiagnostic apparatus including a pivotable x-ray table,Radiologie Cie Gle
US3670163A,A61B6,1969,Radiological examination apparatus,Radiologie Cie Gle
US3940625A,A61B6,1973,Apparatus for examining objects by means of penetrating radiation,E M I Limited
US3755672A,A61B6,1970,Exposure compensating device for radiographic apparatus,Medinova Ab So
US3970853A,A61B6,1975,Transverse section radionuclide scanning system,The United States Of America As Represented By The United States Energy Research And Development Administration
US3899675A,G01T1,1974,Whole body imaging,Cleon Corp
US3777142A,G01T1,1971,High resolution radioactivity distribution detection system,Baird Atomic Inc
US4044240A,G06T11,1975,Tomography system having an ultra high speed processing unit,Picker Corporation
US3852603A,G21K1,1969,Tomographic imaging device,Nuclear Chicago Corp
US3684886A,G01T1,1970,Tomographic imaging device using a rotating slanted multichannel collimator,Nuclear Chicago Corp
US3878373A,G01T1,1971,Radiation detection device and a radiation detection method,Alvin Blum
US3622784A,A61B6,1969,Sensor-analyzer system with means for selecting output signals corresponding to accurately positioned sensors,Louis R M Del Guercio
US3743843A,G21K5,1971,Tomographic x-ray system with a movable table,Sybron Corp
US3793520A,G01T1,1972,Collimator particularly for high resolution radioactivity distribution detection systems,Baird Atomic Inc
US3831032A,A61B6,1972,Tomographic and x-ray photographic diagnostic apparatus for pediatric examination,Radiologie Cie Gle
US3936636A,G01N23,1973,Method of producing a representation of a planar section of a body using scanning radiology,Emi Limited
US3946234A,A61B6,1973,Apparatus for examining bodies by means of penetrating radiation,E M I Limited
US4048501A,G01T1,1976,Method and apparatus for determining the condition of a biological specimen,"Baird-Atomic, Inc."
US3717762A,G01T1,1970,Sensing matrix for a radioactivity-distribution detector,Baird Atomic Inc
US3777161A,G01T1,1972,Hodoscope readout system,Atomic Energy Commission
US3717767A,G01T1,1971,Detection system for heavy and super-heavy cosmic ray nuclei,Atomic Energy Commission
US3860822A,G01T1,1973,System for recording and integrating transient nuclear scintillations,Vas Ltd
US3659103A,G01T1,1969,Radiation scanning device for detecting a plurality of different radiating sources positioned in different planes,Univ Calif The
US3622785A,A61B6,1970,Intraoral minimal radiation fluoroscope,Us Army
US4070578A,H01J43,1976,Detector array and method,Timothy John G
US3757351A,G03G15,1971,High speed electostatic printing tube using a microchannel plate,Corning Glass Works
US3701923A,H01J29,1971,Inherent storage for charged particle beam scanner,Northrop Corp
US3965354A,G01T1,1975,Resistive anode image converter,Nasa
US3715594A,G01S3,1969,Space vehicle system for determining earth's ultraviolet radiation limb,Us Air Force
US3891851A,G01T1,1974,Impact position detector for outer space particles,Nasa
US3694655A,G01T1,1970,Cosmic dust or other similar outer space particles impact location detector,Nasa
US3715590A,G01T1,1971,Micrometeoroid analyzer,Nasa
US4107531A,A61B6,1976,X-ray body scanner using encoder for generating system controlling timing pulse train,General Electric Company
US4002917A,H03J35,1974,Sources of X-radiation,Emi Limited
US4010370A,A61B6,1974,Computerized tomography apparatus with means to periodically displace radiation source,Emi Limited
US3852605A,H05G1,1972,Control circuitry for preventing damage to the target of a scanning x-ray generator,Jeol Ltd
US3746862A,H05G1,1970,Protective circuit for x-ray tube and method of operation,Picker Corp
US3783287A,H05G1,1972,Anode current stabilization circuit x-ray tube having stabilizer electrode,Picker Corp
US3633029A,H05G1,1970,Pulsed x-ray control system with improved film darkening,Cgr Medical Corp
US3940626A,A61B6,1973,Detection of radiation in radiographic apparatus,E M I Limited
US3774030A,G01N21,1972,Defect detecting and indicating means for non-destructive testing,Magnaflux Corp
US3949229A,H05G1,1974,X-ray scanning method and apparatus,Albert Richard D
US3983399A,A61B6,1975,Tomography system having axial scanning,Picker Corporation
US4358856A,A61B6,1980,Multiaxial x-ray apparatus,General Electric Company
US3803417A,A61B6,1971,X-ray apparatus for heart catheterization and other procedures,Philips Corp
US3803418A,A61B6,1971,X-ray device for investigation of skulls,Siemens Ag
US3892967A,A61B6,1973,Apparatus for radiological examination of a subject through a solid angle,Measurex Corp
US4288700A,A61B6,1979,Cable handling device for diagnostic x-ray apparatus,General Electric Company
US4002357A,F16L3,1975,Articulated hose support,Bennett David F
US3901270A,B60D1,1973,Articulated support for hydraulic hose,Caterpillar Tractor Co
GB2094590A,B82Y15,1981,Apparatus for stereotactic surgery,Univ New York
EP0062941B1,A61B5,1981,Contour recording device,Philips Electronics N.V.
US4543959A,G01R33,1981,Diagnosis apparatus and the determination of tissue structure and quality,Instrumentarium Oy
US3789832A,A61B5,1972,Apparatus and method for detecting cancer in tissue,R Damadian
US3691455A,G01N24,1970,Measuring method for analyzing material containing fat and water,Valio Meijerien
US3932805A,G01R33,1973,Method of obtaining internal information of a measuring target from the out-side by the application of a nuclear magnetic resonance phenomenon,Kichizo Niwa
US3775671A,G01V3,1972,Nuclear magnetism well logging method and apparatus,Chevron Res
US3723856A,G01V3,1971,Crossed-coil nuclear magnetism well logging apparatus and method utilizing a polarizing field and an additional polarizing field to shift the direction of polarization,Chevron Res
US4015196A,G01R33,1974,Analysis of materials,National Research Development Corporation
US4021726A,G01R33,1974,Image formation using nuclear magnetic resonance,National Research Development Corporation
US4070611A,G01R33,1975,Gyromagnetic resonance fourier transform zeugmatography,"Varian Associates, Inc."
US4240439A,G01R33,1975,Method of obtaining information of a specified or target area of a living body near its skin surface by the application of a nuclear magnetic resonance phenomenon,Hokkaido University
US4291578A,A61B8,1978,Apparatus for ultrasonic scanning of objects,Siemens Aktiengesellschaft
US3924452A,A61B8,1969,Sector scanning ultrasonic inspection apparatus,Picker Electronics Inc
US4052888A,G10K11,1975,Apparatus for the ultrasonic examination of bodies having non-planar surfaces,Sonicaid Limited
US3924450A,G06F3,1973,Device for measuring three dimensional coordinates of models,Hitachi Shipbuilding Eng Co
US3988922A,G21C17,1975,Vessel examination system,General Electric Company
US3777834A,B63B59,1969,Magnet vehicle,Hitachi Metals Ltd
US3682265A,B63B59,1969,Magnet vehicle,Hitachi Metals Ltd
US3715914A,G21C17,1970,On site pressure vessel inspection device,Babcock & Wilcox Co
US3810384A,G01M3,1971,Ultrasonic pipeline inspection device,D Evans
US3811320A,G01N29,1973,Surface scaler apparatus,Rockwell International Corp
US3585851A,G01N29,1969,Method and apparatus for identifying defects with ultrasonic echoes,Krautkramer Ultrasonics Inc
US4065976A,G10K11,1976,"Mechanical scanning method and apparatus for ultrasonic imaging, or the like",Stanford Research Institute
US3913388A,G01N29,1975,Apparatus for ultrasonic testing of metallic sheets or the like,Salzgitter Peine Stahlwerke
US3553570A,G01N29,1969,Automatic billet inspector,Republic Steel Corp
US3670562A,B21B38,1969,Holding and follow-up mechanism for ultrasonic flaw detector,Nippon Kokan Kk
US3921440A,G21C17,1975,Ultrasonic pipe testing system,Air Prod & Chem
US3777552A,G01N29,1971,Ultrasonic scanning system for in-place inspection of brazed tube joints,Wages C
US3678188A,G01N21,1969,Method for recording a photographic density,Konishiroku Photo Ind
US4196630A,A61B6,1978,Overhead arm assembly,Rudolph Dale C
US3743049A,B66F11,1970,Lifting device with swinging arms,T Levrini
US3996792A,G10K11,1974,Supersonic wave flaw detecting apparatus,"Hitachi, Ltd."
US3984693A,A61B6,1975,Tomographic apparatus,Hitachi Medical Corporation
US3770955A,A61B6,1970,Tomographic apparatus,Hitachi Roentgen
US4361807A,G01N24,1979,Nuclear magnetic resonance systems,Picker International Limited
US4115730A,G01R33,1976,Nuclear magnetic resonance apparatus and methods,National Research Development Corporation
US4385634A,G01S15,1981,Radiation-induced thermoacoustic imaging,University Of Arizona Foundation
US3771355A,A61B8,1971,Ultrasonic inspection and diagnosis system,T Sachs
DE2709725A1,G10K15,1977,Process for the thermal excitation of ultrasonic waves in the light-absorbing surface until test pieces,Krautkraemer Gmbh
US4246784A,G01K11,1979,Passive remote temperature sensor system,Theodore Bowen
US4465069A,A61B6,1981,Cranial insertion of surgical needle utilizing computer-assisted tomography,Barbier Jean Y
US4131802A,A61B6,1976,Automatic patient table having means for transporting patient along a table,"Ohio-Nuclear, Inc."
US4407298A,H01R29,1981,Connector for thermodilution catheter,Critikon Inc.
US3671918A ,H01R31,1969,Intraconnector wiring change module,Hughes Aircraft Co
US3720199A,A61M1,1971,Safety connector for balloon pump,Avco Corp
US3995623A,A61B5,1974,Multipurpose flow-directed catheter,American Hospital Supply Corporation
US3815611A,A61B5,1971,Muscle stimulation and/or contraction detection device,Medtronic Inc
US3614955A,A61B5,1970,Standby defibrillator and method of operation,Medtronic Inc
US3606881A,A61N1,1970,Conductive rubber electrode,Riley D Woodson
US3680544A,A61B10,1970,Transthoracic cannula-type device for cardiopulmonary resuscitation,James P Shinnick
US3837347A,A61N1,1972,Inflatable balloon-type pacing probe,Electro Catheter Corp
US3599620A,A61M25,1969,Resilient reservoir assembly,Kendall & Co
US3674014A,A61B1,1969,Magnetically guidable catheter-tip and method,Astra Meditec Ab
US3707960A,A61B5,1970,Balloon cardiac assisting pump having intraaortic electrocardiographic electrodes,Us Health
US4396945A,B25J19,1981,Method of sensing the position and orientation of elements in space,Solid Photography Inc.
US3793481A,F41J5,1972,Range scoring system,Celesco Industries Inc
US4473074A,A61B18,1981,Microsurgical laser device,"Xanar, Inc."
US3703176A,A61F9,1970,Slit lamp photocoagulator,Arthur Vassiliadis
US3720213A,A61F9,1971,Laser photocoagulator,Coherent Radiation
US3659613A,B23K26,1969,Laser accessory for surgical application,American Optical Corp
US3642007A,A61B18,1969,Continuous wave laser surgical device,Thomas G Roberts
US3828788A,A61F9,1972,Laser opthalmoscope,M Krasnov
US3653384A,A61B18,1970,Apparatus for directing a light beam,American Optical Corp
US3913582A,B23K26,1972,Laser device with articulated arm,Laser Ind Ltd
US3910276A,G02B7,1974,Micro-surgical laser system,American Optical Corp
US3821510A,B23K26,1973,Hand held laser instrumentation device,H Muncheryan
US4123143A,G02B7,1975,Laser beam aligning apparatus,Laser Industries Ltd.
US3769963A,A61F9,1972,Instrument for performing laser micro-surgery and diagnostic transillumination of living human tissue,L Goldman
US4270845A,B23K26,1976,Laser apparatus for operations,"Mochida Pharmaceutical Co., Ltd."
US3696230A,B23K26,1970,Laser lens cooling and cleaning system,Hughes Aircraft Co
US3826998A,H01S3,1970,Gas laser,Siemens Ag
US4069823A,A61B18,1976,Apparatus for laser therapy,Viktor Leonidovich Isakov
US3796220A,B23K26,1972,Stereo laser endoscope,H Bredemeier
US3914013A,B23K26,1974,Coherent radiation beam coupler,Larry Rosenberg
US3669524A,G02B21,1969,Bright illuminator for microscopes,Nippon Kogaku Kk
US3638312A,G02B6,1969,"Apparatus for concentrating ultraviolet radiation, for curing polymerizable compositions and method for hardening filling compositions in dental cavities",Freeman Chemical Corp
US3710091A,G02B21,1971,Fiber optic illuminator apparatus for scientific instruments,J Holcomb
US3803379A,B23K26,1971,Laser working machine with workpiece support,Systomation Inc
US3710798A,A61B18,1971,Laser system for microsurgery,American Optical Corp
US3782823A,G01J3,1972,Laser microprobe,American Optical Corp
US4057332A,G02B7,1976,Peripherally cooled laser lens assembly,Caterpillar Tractor Co
US3977251A,G02B7,1973,Sight glass assembly,Meginnis Charles E
US3556038A,G02B7,1969,View port mounting frame and method of making same,Russell C Wolfe
US4174154A,G02B7,1976,Laser manipulator apparatus with double pivotal mirrors,Asahi Kogaku Kogyo Kabushiki Kaisha
US4144888A,G02B7,1976,Device for treatment by laser emission,Malyshev Boris N
US3848104A,C21D1,1973,Apparatus for heat treating a surface,Avco Everett Res Lab Inc
US3743777A,B05D3,1969,Process for hardening coatings with lasers emitting infra-red radiation,Vianova Kunstharz Ag
US3986767A,B23K26,1974,Optical focus device,United Technologies Corporation
US3619550A,B23K26,1969,Liquid cooled mirror structure,Laser Systems Corp
US3781094A,G02B7,1972,Liquid cooled mirror structure,Us Air Force
US3920951A,B23K26,1974,Laser etching apparatus for forming photographic images on metallic surfaces,Gen Electric
US3716668A,B44B3,1970,Engraving machine,Graphic Electronics Inc
US3679818A,B41M5,1971,Method and medium for producing color images,Bell Telephone Labor Inc
US3739088A,B23K26,1971,Printing plate production method and apparatus,Perkin Elmer Corp
US3836709A,B03F7,1972,Process and apparatus for preparing printing plates using a photocured image,Grace W R & Co
US3615448A,B03F7,1969,Lithographic printing plate and method of preparation,Grace W R & Co
US4122853A,G02B6,1977,Infrared laser photocautery device,Spectra-Med
US3693623A,A45D26,1970,Photocoagulation means and method for depilation,Gregory System Inc
DE2309205A1,A61B18,1972,Surgical device,American Optical Corp
US3892541A,C22C19,1973,"Highly castable, weldable, oxidation resistant alloys",Int Nickel Co
US3758296A,C22C19,1970,Corrosion resistant alloy,Lewis & Co Inc Charles
DE2511248A1,B23K26,1974,An endoscopic surgical laser system,American Optical Corp
DE2827639A1,B23K26,1977,"Laser beam surgical cutting appts. - has removable tube, optical system and light beam for changeover from manipulator to micro-surgery",Asahi Optical Co Ltd
DE3205915A1,A61B17,1982,Device for puncturing intracorporeal organs,Fred Dr Wunschik
DE2443558A1,A61B8,1974,"Device for puncturing of organs koerperinternen vessels, or the like.",Siemens Ag
EP0030355A2,A61B6,1979,Medical-examination apparatus,Siemens Aktiengesellschaft
DE2809645A1,A61M29,1977,Geraet for surgical procedures on the head,California Inst Of Techn
DE3205085A1,B82Y15,1981,Stereotactic surgery system,Univ New York
US4457311A,A61B8,1982,Ultrasound imaging system for scanning the human back,"Medtronic, Inc."
US4094306A,G01N29,1975,Apparatus for ultrasonic examination,"The Commonwealth Of Australia, C/O The Department Of Health"
US3752255A,A61B8,1971,Ultrasonic scanning apparatus,C Hill
US3614891A,E21B47,1969,Well surveying instrument and method,Prakla Seismos Gmbh
US3973235A,G01N29,1973,Device for the detection of an acoustic image,U.S. Philips Corporation
US3622825A,B06B1,1969,Mosaic acoustic transducer for cathode-ray tubes,Litton Systems Inc
US3990296A,G01N29,1975,Acoustical holography imaging device,"Actron, A Division Of Mcdonnell Douglas Corporation"
US3711823A,G01H9,1970,Acoustic to optical image converter using an acoustic grating,American Express Invest
US3594717A,G01S15,1969,Sonic transducer,Stanford Research Inst
US3745812A,G03H3,1971,Acoustic imaging apparatus,Zenith Radio Corp
US3890829A,G01H9,1973,Method and apparatus for acoustical imaging,Zenith Radio Corp
US3745814A,G01N29,1971,Sonoradiography system,Columbia Broadcasting Sys Inc
US4242912A,A61B8,1975,Method and apparatus for producing cross-sectional images using ultrasound,Hoffmann-La Roche Inc.
US4019169A,G10K11,1974,Ultrasonic wave transmitting and receiving apparatus,"Tokyo Shibaura Electric Co., Ltd."
US4119938A,G10K11,1974,Methods and devices for ultrasonic imaging,Agence Nationale De Valorisation De La Rechere (Anvar)
US4163394A,A61B8,1975,Method of ultrasonic scanning of bodies,Siemens Aktiengesellschaft
US3938371A,G01B17,1972,Depth measuring apparatus using reflected ultrasonic beams,European Rotogravure Association
US3612920A,G10K11,1970,Wheel-type transducer probe,Branson Instr
US3573515A,B06B3,1969,Transducer-holding block adapted to be mounted within a liquid-filled work-engaging roller,United States Steel Corp
US3798961A,G01N29,1971,Apparatus for non-destructive checking of workpieces,C Flambard
US3616684A,G01N29,1969,Ultrasonic inspection carriage,Bethlehem Steel Corp
US3990300A,G10K11,1974,Moving ultrasonic transducer array,The Commonwealth Of Australia
US3741004A,A61B8,1971,Ultrasonic contact scanner,Automation Ind Inc
US3895685A,B41J2,1971,Method and apparatus for ultrasonic inspection of weldments,Combustion Eng
US3802253A,A61B8,1972,Ultrasonic biomedical measuring and recording apparatus,Nasa
US4253338A,G01S15,1976,Ultrasonic diagnostic equipment,"Tokyo Shibaura Electric Co., Ltd."
US3939696A,G01N29,1972,Scanning ultrasonic inspection method and apparatus,The Commonwealth Of Australia
US4016862A,G01S7,1972,Echoscope for examination of objects,Lancee Charles T
US3883815A,B61L3,1973,Fail-safe selectable low-pass filtering,Westinghouse Air Brake Co
US3881466A,G01S15,1973,Ultrasonic cross-sectional imaging system,Advanced Diagnostic Res
US4136325A,A61B8,1975,Ultrasonic wave transmitting and receiving apparatus,"Tokyo Shibaura Electric Co., Ltd."
US3921122A,G01S7,1973,Track generator,Us Navy
US4209022A,A61B8,1976,"Echography apparatus for medical diagnosis, using a multiple-element probe",Cgr Ultrasonic
US3938502A,A61B8,1972,Apparatus with a catheter for examining hollow organs or bodies with the ultrasonic waves,Nicolaas Bom
US3779234A,A61B8,1971,Ultrasonic catheter with rotating transducers,Intersc Res Inst
US3792423A,G01S15,1972,Isometric imaging system,Atomic Energy Commission
US3872858A,A61B8,1973,Echoencephalograph,Canadian Patents Dev
US3673325A,A61B8,1970,Cathode ray tube display system for ultrasonic and radar echo signals,Hoffrel Instr Inc
US3688565A,G01B17,1970,Ultrasonic thickness gauge,Sonie Instr Inc
US3554014A,G01S7,1969,Apparatus for measuring the thickness of a workpiece in a liquid temperature compensation means,Branson Instr
US4271842A,G01S15,1978,Apparatus and method for providing multiple ultrasonic sector image displays,"Smith Kline Instruments, Inc."
US3744479A,A61B8,1971,Synchronized ultrasonic diagnostic for internal organ function testing,Picker Electronics Inc
US3830223A,A61B8,1972,Methodology and apparatus for non-invasive biophysical diagnosis,Technicon Instr
US3640271A,A61B8,1969,Blood flow pressure measurement technique employing injected bubbled and ultrasonic frequency scanning,IBM
US3695252A,A61B8,1969,Ultrasonic diagnostic apparatus,George Andrew Douglas Gordon
US3690158A,A61B3,1970,Means and method for detection of glaucoma,Bernard Lichtenstein
US3952201A,A61B6,1973,Radiography,Emi Limited
US3825761A,A61B6,1969,X-ray apparatus for displaying in slow motion tissues which move with the rhythm of the heart,Philips Corp
US3871360A,A61B6,1973,"Timing biological imaging, measuring, and therapeutic timing systems",Brattle Instr Corp
US3699948A,A61B5,1970,Recording device with automatic gain range changer and d.c. correction means,Jeol Ltd
US3690313A,G01R19,1970,Electrically isolated signal path means for a physiological monitor,Mennen Greatbatch Electronics
US3521087A,A61B5,1969,Current limiting circuit,Spacelabs Inc
US4029948A,A61B6,1974,Radiography,E M I Limited
US3679823A,H04N5,1970,Differential time television system,Electronic Products Corp
US3818220A,A61B6,1971,Variable depth laminagraphy,A Richards
US3894181A,G21K4,1973,Differential enhancement of periodically variable images,Wisconsin Alumni Res Found
US3641266A,G08B13,1969,Surveillance and intrusion detecting system,Hughes Aircraft Co
US3950613A,G01N23,1973,X-ray encoding and decoding system,Albert Macovski
US3766383A,H05G1,1971,Techniques and apparatus for calibrating the kilovoltage indicator on diagnostic x-ray generators,Department Of Health Education
US3829688A,G01T1,1972,High intensity radiation imaging system,Raytheon Co
US3801785A,G21K1,1972,Spatially modulated imaging system,Raytheon Co
US3669528A,G06E3,1971,Device for producing identifiable sine and cosine(fourier)transforms of input signals by means of noncoherent optics,Hughes Aircraft Co
US3955561A,A61B8,1974,Cardioscan probe,"Indianapolis Center For Advanced Research, Inc."
US3584504A,G01N29,1969,Ultrasonic inspection apparatus and method for nondestructive testing of tubular member having varying inner diameter,Amf Inc
US3817089A,A61B8,1971,Rotating probe high data acquistion rate apparatus,Interscience Res Inst
US3763463A,G10K11,1972,Shrapnel sonar,Us Navy
US3613069A,G01S15,1969,Sonar system,Gen Dynamics Corp
US3974826A,A61B8,1974,Display circuitry for ultrasonic imaging,"Indianapolis Center For Advanced Research, Inc. Non-Profit"
US4037585A,A61B6,1975,Method of measuring blood flow by radiation,Gildenberg Philip L
US3670715A,G01F1,1969,Device for measuring the flow of blood,Philips Corp
US3759247A,A61B5,1970,Electromagnetic flowmeter,Doll Research
US3659591A,G01F1,1970,Electromagnetic flowmeter,Doll Research
US4034744A,A61B8,1975,Ultrasonic scanning system with video recorder,"Smith Kline Instruments, Inc."
US3828609A,G01N29,1972,Tube inspection system with interlaced scanning,Automation Ind Inc
US3603136A,G01N29,1969,Ultrasonic measurement of material nodularity,Gen Motors Corp
US3636778A,G01B17,1970,Method and means for dimensional inspection of tubing,Atomic Energy Commission
US4100916A,G01S15,1976,Three-dimensional ultrasonic imaging of animal soft tissue,King Donald L
US3688564A,G01H3,1969,Ultrasonic scanning apparatus,Nat Res Dev
US3909771A,A61B8,1973,Ophthalmic B-scan apparatus,Norman C Pickering
US3614720A,G01S7,1969,Logarithmic three-color display sonar,Us Navy
US4079417A,A61B6,1976,Digital video window control,General Electric Company
US3969571A,H05G1,1974,"System for improving the evaluation of pictures comprising details hard to recognize, mainly of fluorographs and radiographs",Medicor Muvek
US3920889A,H04N19,1974,Method and apparatus for crispening video signals by the use of temporal filters,Bell Telephone Labor Inc
US3800077A,H04N5,1971,Automatic sharpness-enhancing equipment for television picture signals,Columbia Broadcasting Syst Inc
US4121250A,A61B8,1976,Flicker free scan conversion system,Hughes Aircraft Company
US4075883A,G01H3,1976,Ultrasonic fan beam scanner for computerized time-of-flight tomography,General Electric Company
US3794964A,G01S15,1971,Ultrasonic imaging device,Hitachi Ltd
US3959770A,H04B11,1974,Method and apparatus for error compensation in multichannel systems,Stanford Research Institute
US3691517A,G01V1,1969,Seismic holography,Atlantic Richfield Co
US3534326A,G01S15,1969,Direct acoustical to optical conversion for underwater imaging,Columbia Broadcasting Syst Inc
US3831135A,G01S15,1973,Optical imaging of sound fields by heterodyning,Trw Inc
US3685008A,G02F1,1969,Acousto-optical echo imaging method and apparatus,Trw Inc
US4111055A,G01S7,1977,Pulse echo ultrasonic system,Del Mar Avionics
DE2619684A1,A61B14,1975,scan converter,Hoffmann La Roche
US4127034A,G10K11,1977,Digital rectilinear ultrasonic imaging system,General Electric Company
US4070642A,G01S15,1975,Ultrasonic wave transmitting and receiving apparatus,"Tokyo Shibaura Electric Co., Ltd."
US4246791A,G10K11,1978,Ultrasonic imaging apparatus,New York Institute Of Technology
US4110723A,A61B8,1974,Ultrasonic apparatus for medical diagnosis,Walter Hetz
US4047520A,D01G23,1975,Ultrasonic imaging apparatus operating according to the impulse-echo technique,Siemens Aktiengesellschaft
US4084582A,G01S15,1976,Ultrasonic imaging system,New York Institute Of Technology
US3854471A,A61B8,1972,Ultrasonic method for systematic search and detection of tissue abnormalities,J Wild
US3745989A,A61B5,1972,Device for locating veins in living bodies,S Pinna
US3704704A,A61F6,1970,Birth control valve,Ramon L Gonzales
US3693418A,G01M99,1970,Adjustable force probe,Anni Kaspareck
DE2414777A1,A61B8,1974,Ultraschallgeraet for medical diagnosis,Siemens Ag
US3964296A,G10K11,1975,Integrated ultrasonic scanning apparatus,Terrance Matzuk
US3780572A,G01N29,1972,Ultrasonic inspection apparatus,Gen Electric
US4137777A,G01S15,1977,Ultrasonic body scanner and method,Mediscan Inc.
US3924454A,G01N29,1973,Multi-frequency ultrasonic testing system,Automation Ind Inc
US3667287A,G01N29,1970,Ultrasonic testing system,Air Prod & Chem
US4034332A,B06B1,1974,Ultrasonic transmitting and receiving devices using dielectric transducers,Agence Nationale De Valorisation De La Recherche (Anvar)
US3604251A,G01H11,1969,A capacitive ultrasonic device for nondestructively testing a sample,Atomic Energy Commission
US3678452A,G01S7,1970,Recording elastic-wave phase holographic data,Amoco Prod Co
US3719922A,G01S7,1971,Digital camera,L Lopes
US3631384A,G01V1,1969,Seismic holography,Shell Oil Co
US3736552A,G01S15,1971,Acoustic imaging device using multiple element electret transducer,Bell Telephone Labor Inc
US3736436A,H04R19,1971,Electret pressure transducer,Mc Donnell Douglas Corp
US3771116A,G01S15,1972,Method and apparatus for imaging stationary and moving objects,Bendix Corp
US3617994A,G01S7,1969,Sonography system,William E Glenn Jr
US4271706A,G01S15,1978,Ultrasonic scanner,Georgetown University
US3832887A,G01N29,1969,Ultrasonic inspection apparatus,Automation Ind Inc
DE2060269A1,A61B8,1970,After the pulse-echo method working Ultraschallgeraet,Siemens Ag
US3751976A,G01N29,1972,Ultrasonic inspection system with pseudo isometric display,Gen Electric
US3918297A,G01S15,1974,Acoustic imaging apparatus with gray scale display,Gen Electric
US4070643A,G01S15,1975,Acoustic holography apparatus,National Research Development Corporation
US3774203A,G01S7,1971,Holographic depth correction,Kuhlenschmidt Dooley Corp
US4021771A,G01S15,1975,Scan acoustical holographic imaging apparatus,"Holosonics, Inc"
US3760344A,G03H1,1971,Scanned holography with a rotating extended source,Battelle Development Corp
US3715482A,G03H3,1971,Holographic imaging by simultaneous source and receiver scanning,K Haines
US4131022A,G10K11,1976,Pulse-echo ultrasonic-imaging display system,Rca Corporation
US3886490A,G01H3,1973,Apparatus for coupling an array of ultrasonic transducers to an ultrasonic compressional image field and scanning the image field,Stanford Research Inst
US3895525A,G01S15,1973,Acoustic imaging apparatus for visual display with depth perception,Gen Electric
US3701089A,G01S7,1970,Display for multi-channel sonars,Us Navy
US3937066A,G02B7,1973,Ultrasonic camera system and method,Stanford Research Institute
US4016750B1,G01S15,1975,Ultrasonic imaging method and apparatus,Stanford Research Inst
US4016750A,G01S15,1975,Ultrasonic imaging method and apparatus,Stanford Research Institute
US4135406A,G01N29,1976,Method for ultrasonic examination,Kretztechnik Gesellschaft M.B.H.
US3693414A,G01S15,1969,Ultrasonic image producing instrument,Siemens Ag
US4233988A,G10K11,1978,High resolution rotating head ultrasonic scanner,Life Instruments Corporation
US4016751A,G10K11,1973,Ultrasonic beam forming technique,The Commonwealth Of Australia Care Of The Department Of Health
US3859984A,A61B8,1972,Ultrasonic transducer for fetal monitoring,Corometrics Medical Systems In
US3587561A,A61B8,1969,Ultrasonic transducer assembly for biological monitoring,Hoffmann La Roche
US3676584A,A61B8,1970,Echo coincidence ultrasonic scanning,Chris J Plakas
US3780725A,A61B8,1971,Fetal heartbeat monitoring system with plural transducers in one plane and at different angles thereto,Smith Kline Instr
US4078435A,G01S15,1975,Simultaneous display of compound and simple ultrasound scans,The Commonwealth Of Australia C/-The Department Of Health
US4161121A,A61B8,1976,Ultrasonic imaging system,"Varian Associates, Inc."
US4265121A,G01S15,1978,High resolution ultrasound diagnostic apparatus,"Litton Industrial Products, Inc."
US3678737A,G01N29,1969,Tubular transducer and dry couplant therefor,North American Rockwell
US3751712A,G06F7,1970,Digital differential analyzer spiral scan generator,Hughes Aircraft Co
US4005258A,G01S15,1973,Ultrasonic examination,Realization Ultrasoniques
US3772457A,H04N5,1971,Sonic image transducer using a storage camera,American Express Invest
US3763693A,G01N29,1972,Pulsed acousto-optical echo imaging method and apparatus,Trw Inc
US3980926A,G09G1,1974,Spiral scan display apparatus with transient suppression means,Honeywell Inc.
US3684915A,G01S7,1970,Rectangular to polar display converter,Westinghouse Electric Corp
US3757040A,G09G1,1971,Wide angle display for digitally generated video information,Singer Co
US3833934A,H03K3,1972,Radar data recording and replay system,Bkr Inc
US3634887A,G01S7,1969,Radar video recorder system,Us Navy
US4086818A,G01S15,1977,Ultrasonic imaging apparatus,"Smithkline Instruments, Incorporated"
US4252026A,G10K11,1979,Multiple line of sight ultrasonic apparatus,"The Commonwealth Of Australia, C/-The Department Of Health"
US3895381A,G01S13,1973,Synthetic aperture imaging systems,Winston E Kock
US3603992A,G01S13,1969,Dual harmonic frequency synthetic aperture radar,Us Air Force
US3950723A,G10K11,1974,Sonar apparatus,Westinghouse Electric Corporation
US3979711A,G01S15,1974,Ultrasonic transducer array and imaging system,The Board Of Trustees Of Leland Stanford Junior University
GB1244551A,G01S15,1969,Improvements relating to acoustic detector arrays,British Aircraft Corp Ltd
US3886489A,G01S15,1974,Ultrasonic image converter and system,Westinghouse Electric Corp
US4023175A,G01S15,1974,Imaging systems,Robin Charles Armstrong Brown
US3953822A,G01S15,1973,Wave-energy imaging technique,Rca Corporation
US4272991A,A61B8,1979,Scanning method and apparatus,"Litton Industrial Products, Inc."
US4213183A,G01N29,1979,System for nondestructive evaluation of material flaw characteristics,"Adaptronics, Inc."
US3910124A,G01N29,1971,Non-destructive testing procedures,George H Halsey
US3978714A,G10K11,1972,Method of ultrasonic echo flaw detection and device for effecting same,Shraiber David S
US3678736A,B23Q15,1970,Machine with improved operating head traversing workpieces with curved surfaces,Gen Electric
US3898838A,G01N29,1973,Ultrasonic scanning system,Int Harvester Co
US3727119A,G01B7,1971,Servo controlled automatic inspection apparatus,Information Dev Corp
US3721118A,G01N29,1971,Curvature control,Automation Ind Inc
US3575043A,G01N29,1969,Elongate element ultrasonic inspection system,Air Prod & Chem
US3757187A,G05B19,1971,Record repetitve playback type universal position control system,Ishikawajima Harima Heavy Ind
US4063549A,G01S15,1975,Ultrasonic method and apparatus for imaging and characterization of bodies,Technicon Instruments Corporation
US3934458A,G01S15,1974,Method and apparatus for pulse echo imaging,Technicon Instruments Corporation
US4245250A,G01S7,1979,Scan converter for ultrasonic sector scanner,General Electric Company
US3653044A,G01S7,1969,Display system for providing radar plan position information on a raster display,Kaiser Aerospace & Electronics
US3858085A,H03K4,1973,Digital raster generator,Us Navy
US3597757A,G09G1,1969,Visualization device with sets of variable characters,Jacques J Vincent Carrefour
US3629841A,G06J1,1970,Vector generator apparatus,Sperry Rand Corp
US3761765A,G09G1,1971,Crt display system with circle drawing,Elliott Bros
US3660833A,G09G1,1970,System for producing characters on a cathode ray tube display by intensity controlled point-to-point vector generation,Hewlett Packard Co
US3539860A,G09G1,1969,Vector generator,Adage Inc
US3649819A,G09G1,1970,Vector generator for rectangular cartesian coordinate positioning system,Information Int Inc
US4002827A,G06F7,1975,Polar coordinate format to a cartesian coordinate format scan converter,General Electric Company
US3827027A,G01S7,1971,Method and apparatus for producing variable formats from a digital memory,Texas Instruments Inc
US3599178A,G06K17,1969,Method of storing information on and retrieving information from a magnetic drum,Singer General Precision
US3602702A,G09G1,1969,Electronically generated perspective images,Univ Utah
US3638199A,G11C11,1969,Data-processing system with a storage having a plurality of simultaneously accessible locations,Ibm
US4135140A,G01S15,1976,Ultrasonic imaging apparatus operating according to the impulse-echo method,Siemens Aktiengesellschaft
US4167753A,G01S15,1977,Peak detecting digital scan converter,General Electric Company
US4063451A,G01N23,1974,Scanning,Realisations Ultrasoniques
US4057836A,H04N7,1976,Slow scan television scan converter,"Robot Research, Inc."
US3941921A,H04N7,1972,System for converting frequency band of picture signal,"Hitachi, Ltd."
US3749836A,H04N1,1971,Image signal converter in facsimile,Matsushita Electric Ind Co Ltd
US3601536A,H04N5,1969,System and method for developing a composite video signal,Ibm
US3603725A,H04N19,1970,Conditional replenishment video system with reduced buffer memory delay,Bell Telephone Labor Inc
US3914543A,H04N7,1972,Image analyzer using a standard scanning or a multi-interlaced scanning type television system,Nippon Kogaku Kk
US3832487A,H04N7,1971,Method of converting image signals generated in a non-interlaced manner into image signals interlaced in accordance with a television standard,Philips Corp
US3585293A,h04N3,1969,Scanning of cinematograph film,Columbia Broadcasting Syst Inc
US3700795A,h04N9,1971,Flying spot scanner for continuously advanced film,Gte Sylvania Inc
US3651254A,h04N3,1970,Scanning apparatus responsive to the movement of image bearing media,Eastman Kodak Co
US4506676A,G03B42,1982,Radiographic localization technique,Duska Alois A
US3917952A,G03B42,1974,Radiographic record and film identification assembly,Dwight S Jackson
US3631243A,G03B42,1970,X-ray film marking means including a fluorescent tongue overlayed with opaque indicia,United States Radium Corp
US3790802A,G09F3,1970,X-ray film identification means,Siemens Ag
DE2459866A1,G03B42,1974,Marking system for use with X-ray sensitive film material - has material which absorbs or scatters X-rays and which adheres to X-ray film material,Erich Waechter
US4961422A,A61F7,1983,Method and apparatus for volumetric interstitial conductive hyperthermia,Marchosky J Alexander
US3717140A,A61B5,1970,Heart rate counter with digital storage and numerical readout,E Greenwood
US3698394A,A61B18,1971,Electrically heated hypodermic needle,William S Piper
US3949388A,A61B5,1972,Physiological sensor and transmitter,"Monitron Industries, Inc."
US3901224A,A61F7,1973,Thermal control of body functions,Investors In Ventures Inc
US3942535A,H01M10,1973,Rechargeable tissue stimulating system,G. D. Searle & Co.
US3612041A,A61B5,1969,Apparatus for detecting ventricular fibrillation,Us Army
US3991770A,A61N1,1974,"Method for treating benign and malignant tumors utilizing radio frequency, electromagnetic radiation",Leveen Harry H
US4146029A,A61N1,1974,Self-powered implanted programmable medication system and method,Ellinwood Jr Everett H
US3662758A,A61N1,1969,Stimulator apparatus for muscular organs with external transmitter and implantable receiver,Mentor Corp
US3692027A,A61M5,1971,Implanted medication dispensing device and method,Everett H Ellinwood Jr
US3727616A,A61N1,1971,Electronic system for the stimulation of biological systems,Gen Dynamics Corp
US3646940A,A61N1,1969,Implantable electronic stimulator electrode and method,Univ Minnesota
US3837339A,A61B5,1972,Blood glucose level monitoring-alarm system and method therefor,Whittaker Corp
US3682160A,A61B5,1969,Physiological signal transmitter for use inside the body,Matsushita Electric Ind Co Ltd
US3894538A,A61M5,1972,Device for supplying medicines,Siemens Ag
US3659600A,A61M31,1970,Magnetically operated capsule for administering drugs,Estin Hans H
US3604417A,A61M3,1970,Osmotic fluid reservoir for osmotically activated long-term continuous injector device,Wayne Henry Linkenheimer
US3732865A,A61K9,1971,Osmotic dispenser,Alza Corp
US3760805A,A01G7,1971,Osmotic dispenser with collapsible supply container,Alza Corp
US3760804A,A61K9,1971,Improved osmotic dispenser employing magnesium sulphate and magnesium chloride,Alza Corp
US3760984A,B01D61,1971,Osmotically powered agent dispensing device with filling means,Alza Corp
US3871382A,A61N1,1973,Heart stimulator system for rapid implantation and removal with improved integrity,Pacesetter Syst
US3683932A,A61N1,1970,Implantable tissue stimulator,Adcole Corp
US3757789A,A61N1,1971,Electromedical stimulator lead connector,I Shanker
US3625201A,A61N1,1969,Tester for standby cardiac pacing,Cordis Corp
US3871361A,A61B5,1974,Control device for a monitor supervising a patient,Dean L Kamen
US3651806A,A61M5,1969,Method and apparatus for administering digitalizing medications,Philip I Hirshberg
US3771694A,A61M5,1972,Infusion pump,A Kaminski
US4055175A,A61M5,1976,Blood glucose control apparatus,"Miles Laboratories, Inc."
US3809871A,A61M5,1972,Programmable physiological infusion,Nasa
US3655095A,A61M5,1969,Apparatus for monitoring the dispensing of liquid,Smith Kline Instr
US3700904A,G05D7,1971,Liquid flow control arrangement,Nilsen Mfg Co
US3593579A,A61M5,1969,Liquid drop sensing and counting system,Mennen Greatbatch Electronics
US3923060A,A61M5,1974,Apparatus and method for implanted self-powered medication dispensing having timing and evaluator means,Jr Everett H Ellinwood
US3731681A,A61M5,1970,Implantable indusion pump,Univ Minnesota
US3701345A,A61B5,1970,Angiographic injector equipment,Medrad Inc
US4034757A,A61J7,1976,Dispenser for pharmaceuticals having patient compliance monitor apparatus,Alza Corporation
US3845883A,G01F13,1970,Measuring apparatus,E Johnson
US3938526A,A61H39,1974,Electrical acupuncture needle heater,Anderson Weston A
US3625202A,A61B18,1970,Electrical instrument for medical treatment on moxacautery and acupuncture,Sakae Oyoshirhara
US3875944A,A61H39,1974,Heated acupuncture needle and method of using the same,Philip M Toyama
US3766923A,A61B18,1972,Device for treating sub-unqual hematoma,Us Health Education & Welfare
US3682177A,A61B17,1970,Cranial drilling instrument,Acme Eng Co Inc
US3972320A,A61B5,1974,Patient monitoring system,Gabor Ujhelyi Kalman
US3639907A,A61B5,1969,Interrogated telemetry alarm system for physiological monitoring,Mennen Greatbatch Electronic I
US4016886A,A61N1,1974,Method for localizing heating in tumor tissue,The United States Of America As Represented By The United States Energy Research And Development Administration
US4119102A,A61N1,1975,Radio frequency treatment of tumors while inducing hypotension,Leveen Harry H
DE2356183A1,G07C1,1973,Medical devices for a new cancer therapy,Wolfgang Joachim Guettner
US4121592A,A61N1,1975,Apparatus for heating tissue,"Critical Systems, Inc."
US3668556A,H03L5,1971,Automatic gain control circuit,Ohmega Lab
US3800802A,A61N1,1972,Short-wave therapy apparatus,Int Medical Electronics Ltd
US3638657A,A61N1,1969,Short wave diathermy circuit,Hal C Mettler
US3886932A,H02H1,1973,Overcurrent protective circuit,Schwarzer Gmbh Fritz
US3590322A,H02H9,1970,Medical instrumentation system,Sci Systems Inc
US3628094A,H02H11,1970,Apparatus of medical and other types,Sybron Corp
US3706008A,A61B5,1972,Body current activated circuit breaker,Frederic B Kremer
US4032860A,A61N1,1975,Radio frequency power generator having adjustable stabilized output level and fail-safe control circuits,Leveen Harry H
US3670737A,A61N1,1970,Ultra-short wave athermapeutic apparatus,Diapulse Corp Of America
US3668556A,H03L5,1971,Automatic gain control circuit,Ohmega Lab
US4127110A,A61B5,1976,Implantable pressure transducer,Huntington Institute Of Applied Medical Research
US4022190A,A61B5,1974,Apparatus for sensing pressure,Hittman Corporation
US3625199A,A61B5,1969,Implantable pressure indicator,Fairchild Hiller Corp
US3693612A,A61M5,1970,Manometer with sliding adjustable scale and meniscus indicator,Abbott Lab
US3686958A,A61B5,1971,Fiber optic pressure detector,Ladd Res Ind
US3580082A,G01L9,1969,Pressure transducer,Bendix Corp
US3693407A,A61B5,1971,Vented sampling device,Kendall & Co
US3789667A,A61B5,1972,Fiber optic pressure detector,Ladd Res Ind Inc
US3628373A,G01N13,1970,Pressure-measuring system,Beckman Instruments Inc
US3714829A,G01L19,1970,Pressure measuring system,Beckman Instruments Inc
US4027661A,A61B5,1974,Pressure sensor,Hittman Corporation
US3958558A,A61B5,1974,Implantable pressure transducer,Huntington Institute Of Applied Medical Research
US3638496A,G01L9,1970,Pressure transducer,Mine Safety Appliances Co
US3738356A,A61B5,1971,Intravenous pressure monitor,Lowa State University Res Foun
US3943915A,G01L9,1974,Intracranial pressure sensing device,"Motorola, Inc"
US3757770A,A61B5,1971,Physiological pressure sensing and telemetry means employing a diode connected transistor transducer,Bio Tel Western
US4026276A,A61B5,1976,Intracranial pressure monitor,The Johns Hopkins University
US3853117A,A61B8,1972,Pressure sensing system and method,Berkeley Bio Eng Inc
US3977391A,A61B5,1974,Pressure sensor apparatus,Hittman Corporation
US3637034A,G01G19,1970,Hydraulic scale,Chester H Wickenberg
US3715927A,B63C11,1971,Gauge for indicating exhaust time of air supply for scuba divers,R Grant
US4046139A,A61M16,1976,Medical temperature measuring device,Bernard Horn
US3951136A,A61B5,1973,Multiple purpose esophageal probe,"Vital Signs, Inc."
DE2003138A1,A61B5,1970,Esophageal probe,Siemens Ag
US3734094A,A61B1,1971,Multipurpose esophageal instrument,T Calinog
US4232679A,A61N1,1977,Programmable human tissue stimulator,"Pacesetter Systems, Inc."
US3888261A,A61N1,1973,Time shared stimulator,Medtronic Inc
US3898984A,A61B5,1974,Ambulatory patient monitoring system,Us Navy
US3646606A,A61B5,1969,Physiological monitoring system,Care Electronics Inc
US4066086A,A61N1,1975,Programmable body stimulator,"Medtronic, Inc."
US3618615A,A61N1,1969,Self checking cardiac pacemaker,Medtronic Inc
US3623486A,A61N1,1969,Double rate demand pacemaker,American Optical Corp
US3518997A,A61N1,1969,Electronic heart stimulator,Robert W Sessions
US3645267A,A61N1,1969,"Medical-electronic stimulator, particularly a carotid sinus nerve stimulator with controlled turn-on amplitude rate",Medtronic Inc
US3805796A ,A61N1,1971,Implantable cardiac pacer having adjustable operating parameters,Cordis Corp
US3631860A,A61N1,1969,"Variable rate pacemaker, counter-controlled, variable rate pacer",American Optical Corp
US3833005A,A61N1,1971,Compared count digitally controlled pacemaker,Medtronic Inc
US3629710A,H03K3,1970,Digitally controlled pulse generator,Beckman Instruments Inc
US3774619A,A61N1,1972,Source testing cardiac pacer with source-independent rate circuitry and disabling means therefor,American Optical Corp
US3945387A,A61N1,1974,Implantable cardiac pacer with characteristic controllable circuit and control device therefor,General Electric Company
US3672352A,A61B5,1969,Implantable bio-data monitoring method and apparatus,George D Summers
US3639740A,H03K5,1970,Ring counter apparatus,Collins Radio Co
US3830621A,F23C99,1972,Process and apparatus for effecting efficient combustion,Lectro Static Magnetic Corp
US3864173A,H01H36,1972,Electric battery provided with a safeguard against short-circuitings,Hans Butschkau
US4019518A,A61N1,1975,Electrical stimulation system,"Medtronic, Inc."
US4024875A,A61N1,1975,Device for non-invasive programming of implanted body stimulators,"Medtronic, Inc."
US3693627A,A61N1,1970,Stimulator for treatment of tachycardia with a burst of stimuli having a continuously variable rate,American Optical Corp
US3768017A,A61B5,1971,Electrocardiograph telemetry system having circuitry for indicating inoperative conditions,Hewlett Packard Co
US3681698A,H03G3,1976,"Implantable digital cardiac pacer having externally selectible operating parameters and ""one shot"" digital pulse generator for use therein",Arco Medical Products Company
US4049004A,A61N1,1969,Digital counter driven pacer,Cordis Corp
US3557796A,A61N1,1969,Digital counter driven pacer,Cordis Corp
US4030141A,A61F2,1976,Multi-function control system for an artificial upper-extremity prosthesis for above-elbow amputees,The United States Of America As Represented By The Veterans Administration
US3735425A,A61B5,1971,Myoelectrically controlled prothesis,Us Of America The Secretary Of
US3631542A,A61F2,1969,Myoelectric brace,Univ Iowa State Res Found
US3628527A,H03F3,1969,Biological electrode amplifier,Microcom Corp
US4312364A,A61N1,1977,"Apparatus for localized heating of a living tissue, using electromagnetic waves of ultra high frequency, for medical applications",C.G.R. Mev
DE2407559A1,A61N1,1974,Tissue heat treatment probe - has water cooling system which ensures heat development only in treated tissues,Dornier System Gmbh
US4108163A,A61B5,1975,Puncture probe for measuring heat transfer or blood circulation of living tissues,Dragerwerk Aktiengesellschaft
US4138998A,A61B5,1976,Indicating temperature within living tissue,Rca Corporation
US3662140A,H05B6,1970,High frequency electronic heating apparatus,Raytheon Co
US3653385A,A61N1,1970,Production of focal brain lesions by inductive heating,Charles Burton
US3975720A,H05B6,1974,Food thermometer for microwave oven,General Electric Company
US3849622A,G01K5,1969,Non-ionic fluid thermometer for microwave oven,C Merriam
US3731037A,H05B6,1971,Microwave kiln to cook food,M Levinson
US3626135A,H05B6,1969,Electronic oven with ferrite rf rejection filters,Gen Electric
US3742397A,H05B6,1969,Electronic oven with ferrite rf rejection filters,Gen Electric
US3815113A,G01K3,1971,Food temperature monitoring apparatus,Gen Electric
US3606792A,G01K1,1969,Thermometer for refrigerator,Tsuyoshi Yoshimoto
US3611336A,G01K1,1970,Electronic oven temperature monitoring system,Technomation Controls Corp
US3786220A,H05B6,1971,Induction cooking appliance including temperature sensing of inductively heated cooking vessel,Gen Electric
US3530499A,H05B6,1969,Electrically heated appliance unit,Charles F Schroeder
US3624352A,H05B3,1970,Ceramic top range surface temperature cut-off thermostatic device,Gen Motors Corp
US3710062A,H05B6,1971,Metal base cookware induction heating apparatus having improved power supply and gating control circuit using infra-red temperature sensor and improved induction heating coil arrangement,Environment One Corp
US3594630A,H03K17,1969,Commutation circuit for scr{3 s,Borg Warner
US3778798A,G01K3,1972,Food preparation electric thermometer alarm circuit,Gen Electric
US3893111A,A61B5,1974,System and method for remote monitoring of animal temperature,Albert Albert F
US4108147A,A61N5,1976,Direct contact microwave diathermy applicator,"The United States Of America As Represented By The Department Of Health, Education And Welfare"
US4182313A,A61B5,1977,Implantable temperature probe,Narda Microwave Corporation
US3783691A,G01K7,1972,Thermocouple probe for temperature measurement,Commissariat A L Energy Atomiq
US4181132A,A61M1,1977,Method and apparatus for effecting hyperthermic treatment,Parks Leon C
US3982535A,A61M1,1974,Signal device for dialysis apparatus,Per Svante Bahrton
US3756234A,A61M1,1971,Single needle dialysis,Vital Assists
US3731680A,A61M1,1971,Pressure regulating controller,F Wright
US3598727A,A61M1,1969,Artificial kidney,Charles B Willock
US3998222A,A61M1,1974,Subcutaneous arterio-venous shunt with valve,Shihata Alfred A
US3826257A,A61M1,1972,Prosthetic shunt,T Buselmeier
US3638649A,A61M39,1969,Implantable prosthetic pass-through device,Univ Minnesota
US3628813A,A61M39,1970,Fluid connecting device,Henry L Lee Jr
US3626938A,A61M1,1970,Hemodialysis shunt valve device with body connecting means,Antonio A Versaci
US3713441A,A61M39,1970,Method of using an artery vein shunt applique,Battelle Development Corp
US3765032A,A61M39,1972,Implant,J Palma
US3663965A,A61M39,1970,Bacteria-resistant percutaneous conduit device,Henry L Lee Jr
US3882862A,A61M1,1974,Arteriovenous shunt,Olga Berend
US3818511A,A61M1,1972,Medical prosthesis for ducts or conduits,Medical Prod Corp
US3646616A,A61F2,1969,Prosthesis for implanting around a body duct such as the urethra and method of treating urinary incontinence,Jesse G Keshin
US3667069A,A61M1,1970,Jet pump cardiac replacement and assist device and method of at least partially replacing a disabled right heart,Univ Minnesota
US4142529A,A61F7,1977,Process and device for the therapeutic treatment of hemorrhoids,"Bio-Tronics, Inc."
US3840016A,A61B17,1972,Electrocoagulation-bougie for the intrauterine tube sterilization,H Lindemann
US3645265A,A61F6,1969,Intrauterine cauterizing device,Gregory Majzlin
US3789853A,G05D23,1972,Radiant energy heating system for temperature control of living subjects,C Reinhard
US3698397A,A61F7,1969,Energy transmission apparatus,Irwin H Franzel
US3667476A,A61B5,1970,Apparatus for monitoring body temperature and controlling a heating device to maintain a selected temperature,Bio Data Corp
US3911924A,A61B18,1973,Cryoprobe,Draegerwerk Ag
US3664344A ,A61B18,1970,Tyned cryosurgical probe,Brymill Corp
US3696813A,F25B9,1971,Cryosurgical instrument, Cryomedics
US3902502A,A61N1,1974,Apparatus for temporarily arresting arthritic pain,Saul Liss
US3648708A,A61N1,1969,Electrical therapeutic device,Mehdi Haeri
US3791373A,A61N1,1972,Portable electroanesthesia device with automatic power control,Univ Southern Illinois
US3817254A,A61N1,1972,Transcutaneous stimulator and stimulation method,Medtronic Inc
US4166451A,A61B5,1977,Heat sensing instrument probe,Salera Edmond A
US3822598A,G01K7,1971,Portable electronic thermometer and method of temperature measurement,Barge Inc
US3548661A,G01K7,1969,Electrical thermometer,Philip Morris Inc
US3604266A,G01K13,1969,Temperature measuring apparatus,Computer Diode Corp
US3702076A,G01R17,1970,Electronic thermometer,Ivac Corp
US3738173A,G01K13,1971,Temperature sensing probe and disposable probe cover,Ivac Corp
US3592059A,G01K1,1969,Temperature measuring apparatus,Computer Diode Corp
US3872727A,G01K7,1972,Disposable electrical thermometer system and components,Gene A Johnson
US3688581A,G01L1,1969,Device for correcting the non-linear variation of a signal as a function of a measured magnitude,Rhone Poulenc Sa
US3919680A,H01C7,1973,Temperature detector head,Hitachi Ltd
US3933149A,A61B5,1974,Anisothermal differentiator,Salera Edmond A
US3681993A,G01K7,1970,Disposable clinical thermometer,Sensitron Inc
US3699813A,A61B5,1970,Medical thermographic diagnostic means,Anthony H Lamb
US3651694A,A61B5,1969,Diagnostic means for detection of diseases exhibiting skin temperature variations,Anthony H Lamb
US3765244A,A61B5,1971,Digital readout instrument employing transducer and double d.c. power supply,Wagner J
