ipc,Fcategory,Mcategory,Lcategory
A01G7,AGRICULTURE; FORESTRY; ANIMAL HUSBANDRY; HUNTING; TRAPPING; FISHING,"HORTICULTURE; CULTIVATION OF VEGETABLES, FLOWERS, RICE, FRUIT, VINES, HOPS OR SEAWEED; FORESTRY; WATERING",Botany in general
A01K29,AGRICULTURE; FORESTRY; ANIMAL HUSBANDRY; HUNTING; TRAPPING; FISHING,"ANIMAL HUSBANDRY; CARE OF BIRDS, FISHES, INSECTS; FISHING; REARING OR BREEDING ANIMALS, NOT OTHERWISE PROVIDED FOR; NEW BREEDS OF ANIMALS",Other apparatus for animal husbandry
A22B5,BUTCHERING; MEAT TREATMENT; PROCESSING POULTRY OR FISH,SLAUGHTERING,Accessories for use during or after slaughtering
A45D26,HAND OR TRAVELLING ARTICLES,HAIRDRESSING OR SHAVING EQUIPMENT; MANICURING OR OTHER COSMETIC TREATMENT,"Hair-singeing apparatus; Apparatus for removing superfluous hair, e.g. tweezers"
A61B1,MEDICAL OR VETERINARY SCIENCE; HYGIENE,DIAGNOSIS; SURGERY; IDENTIFICATION,Diagnosis; Psycho-physical tests
A61B10,MEDICAL OR VETERINARY SCIENCE; HYGIENE,DIAGNOSIS; SURGERY; IDENTIFICATION,"Other methods or instruments for diagnosis, e.g. instruments for taking a cell sample, for biopsy, for vaccination diagnosis; Sex determination; Ovulation-period determination; Throat striking implements"
A61B14,MEDICAL OR VETERINARY SCIENCE; HYGIENE,DIAGNOSIS; SURGERY; IDENTIFICATION,Echo-tomography
A61B18,MEDICAL OR VETERINARY SCIENCE; HYGIENE,DIAGNOSIS; SURGERY; IDENTIFICATION,"Surgical instruments, devices or methods for transferring non-mechanical forms of energy to or from the body"
A61B19,MEDICAL OR VETERINARY SCIENCE; HYGIENE,DIAGNOSIS; SURGERY; IDENTIFICATION,Surgical robots
A61B2017,MEDICAL OR VETERINARY SCIENCE; HYGIENE,DIAGNOSIS; SURGERY; IDENTIFICATION,"Surgical instruments, devices or methods, e.g. tourniquets"
A61B2018,MEDICAL OR VETERINARY SCIENCE; HYGIENE,DIAGNOSIS; SURGERY; IDENTIFICATION,"Surgical instruments, devices or methods for transferring non-mechanical forms of energy to or from the body"
A61B2019,MEDICAL OR VETERINARY SCIENCE; HYGIENE,DIAGNOSIS; SURGERY; IDENTIFICATION,Surgical robots operating autonomously
A61B2218,MEDICAL OR VETERINARY SCIENCE; HYGIENE,DIAGNOSIS; SURGERY; IDENTIFICATION,Diagnosis; Psycho-physical tests
A61B2503,MEDICAL OR VETERINARY SCIENCE; HYGIENE,DIAGNOSIS; SURGERY; IDENTIFICATION,Evaluating a particular growth phase or type of persons or animals
A61B2560,MEDICAL OR VETERINARY SCIENCE; HYGIENE,DIAGNOSIS; SURGERY; IDENTIFICATION,Constructional details of operational features of apparatus; Accessories for medical measuring apparatus
A61B2562,MEDICAL OR VETERINARY SCIENCE; HYGIENE,DIAGNOSIS; SURGERY; IDENTIFICATION,Details of sensors; Constructional details of sensor housings or probes; Accessories for sensors
A61B3,MEDICAL OR VETERINARY SCIENCE; HYGIENE,DIAGNOSIS; SURGERY; IDENTIFICATION,Apparatus for testing the eyes; Instruments for examining the eyes
A61B34,MEDICAL OR VETERINARY SCIENCE; HYGIENE,DIAGNOSIS; SURGERY; IDENTIFICATION,Computer-aided surgery; Manipulators or robots specially adapted for use in surgery
A61B5,MEDICAL OR VETERINARY SCIENCE; HYGIENE,DIAGNOSIS; SURGERY; IDENTIFICATION,"Detecting, measuring or recording for diagnostic purposes; Identification of persons"
A61B6,MEDICAL OR VETERINARY SCIENCE; HYGIENE,DIAGNOSIS; SURGERY; IDENTIFICATION,"Apparatus for radiation diagnosis, e.g. combined with radiation therapy equipment"
A61B7,MEDICAL OR VETERINARY SCIENCE; HYGIENE,DIAGNOSIS; SURGERY; IDENTIFICATION,Instruments for auscultation
A61B8,MEDICAL OR VETERINARY SCIENCE; HYGIENE,DIAGNOSIS; SURGERY; IDENTIFICATION,"Diagnosis using ultrasonic, sonic or infrasonic waves"
A61B8,MEDICAL OR VETERINARY SCIENCE; HYGIENE,DIAGNOSIS; SURGERY; IDENTIFICATION,"Surgical instruments, devices or methods, e.g. tourniquets"
A61B90,MEDICAL OR VETERINARY SCIENCE; HYGIENE,DIAGNOSIS; SURGERY; IDENTIFICATION,
A61C1,MEDICAL OR VETERINARY SCIENCE; HYGIENE,DENTISTRY; APPARATUS OR METHODS FOR ORAL OR DENTAL HYGIENE,Dental surgery
A61C13,MEDICAL OR VETERINARY SCIENCE; HYGIENE,DENTISTRY; APPARATUS OR METHODS FOR ORAL OR DENTAL HYGIENE,Dental prostheses; Making same
A61C19,MEDICAL OR VETERINARY SCIENCE; HYGIENE,DENTISTRY; APPARATUS OR METHODS FOR ORAL OR DENTAL HYGIENE,Dental auxiliary appliances
A61C3,MEDICAL OR VETERINARY SCIENCE; HYGIENE,DENTISTRY; APPARATUS OR METHODS FOR ORAL OR DENTAL HYGIENE,Dental tools or instruments
A61C5,MEDICAL OR VETERINARY SCIENCE; HYGIENE,DENTISTRY; APPARATUS OR METHODS FOR ORAL OR DENTAL HYGIENE,Filling or capping teeth
A61C9,MEDICAL OR VETERINARY SCIENCE; HYGIENE,DENTISTRY; APPARATUS OR METHODS FOR ORAL OR DENTAL HYGIENE,Dental prosthetics; Artificial teeth
A61D7,MEDICAL OR VETERINARY SCIENCE; HYGIENE,"VETERINARY INSTRUMENTS, IMPLEMENTS, TOOLS, OR METHODS","Devices or methods for introducing solid, liquid, or gaseous remedies or other materials into or onto the bodies of animals"
A61F2,MEDICAL OR VETERINARY SCIENCE; HYGIENE,"FILTERS IMPLANTABLE INTO BLOOD VESSELS; PROSTHESES; DEVICES PROVIDING PATENCY TO, OR PREVENTING COLLAPSING OF, TUBULAR STRUCTURES OF THE BODY, E.G. STENTS; ORTHOPAEDIC, NURSING OR CONTRACEPTIVE DEVICES; FOMENTATION; TREATMENT OR PROTECTION OF EYES OR EARS; BANDAGES, DRESSINGS OR ABSORBENT PADS; FIRST-AID KITS",Filters; Devices providing patency to tubular structures; Prostheses; Accessories
A61F2002,MEDICAL OR VETERINARY SCIENCE; HYGIENE,"FILTERS IMPLANTABLE INTO BLOOD VESSELS; PROSTHESES; DEVICES PROVIDING PATENCY TO, OR PREVENTING COLLAPSING OF, TUBULAR STRUCTURES OF THE BODY, E.G. STENTS; ORTHOPAEDIC, NURSING OR CONTRACEPTIVE DEVICES; FOMENTATION; TREATMENT OR PROTECTION OF EYES OR EARS; BANDAGES, DRESSINGS OR ABSORBENT PADS; FIRST-AID KITS","Operating or control means electrical computer-controlled, e.g. robotic control"
A61F2007,MEDICAL OR VETERINARY SCIENCE; HYGIENE,"FILTERS IMPLANTABLE INTO BLOOD VESSELS; PROSTHESES; DEVICES PROVIDING PATENCY TO, OR PREVENTING COLLAPSING OF, TUBULAR STRUCTURES OF THE BODY, E.G. STENTS; ORTHOPAEDIC, NURSING OR CONTRACEPTIVE DEVICES; FOMENTATION; TREATMENT OR PROTECTION OF EYES OR EARS; BANDAGES, DRESSINGS OR ABSORBENT PADS; FIRST-AID KITS",Heating or cooling appliances for medical or therapeutic treatment of the human body programmed
A61F2009,MEDICAL OR VETERINARY SCIENCE; HYGIENE,"FILTERS IMPLANTABLE INTO BLOOD VESSELS; PROSTHESES; DEVICES PROVIDING PATENCY TO, OR PREVENTING COLLAPSING OF, TUBULAR STRUCTURES OF THE BODY, E.G. STENTS; ORTHOPAEDIC, NURSING OR CONTRACEPTIVE DEVICES; FOMENTATION; TREATMENT OR PROTECTION OF EYES OR EARS; BANDAGES, DRESSINGS OR ABSORBENT PADS; FIRST-AID KITS",Retina
A61F2250,MEDICAL OR VETERINARY SCIENCE; HYGIENE,"FILTERS IMPLANTABLE INTO BLOOD VESSELS; PROSTHESES; DEVICES PROVIDING PATENCY TO, OR PREVENTING COLLAPSING OF, TUBULAR STRUCTURES OF THE BODY, E.G. STENTS; ORTHOPAEDIC, NURSING OR CONTRACEPTIVE DEVICES; FOMENTATION; TREATMENT OR PROTECTION OF EYES OR EARS; BANDAGES, DRESSINGS OR ABSORBENT PADS; FIRST-AID KITS",Special features of prostheses classified in groups A61F2/00 to A61F2/26 or A61F2/82 or A61F9/00 or A61F11/00 or subgroups thereof
A61F5,MEDICAL OR VETERINARY SCIENCE; HYGIENE,"FILTERS IMPLANTABLE INTO BLOOD VESSELS; PROSTHESES; DEVICES PROVIDING PATENCY TO, OR PREVENTING COLLAPSING OF, TUBULAR STRUCTURES OF THE BODY, E.G. STENTS; ORTHOPAEDIC, NURSING OR CONTRACEPTIVE DEVICES; FOMENTATION; TREATMENT OR PROTECTION OF EYES OR EARS; BANDAGES, DRESSINGS OR ABSORBENT PADS; FIRST-AID KITS",Orthopaedic methods or devices for non-surgical treatment of bones or joints; Nursing devices; Anti-rape devices
A61F6,MEDICAL OR VETERINARY SCIENCE; HYGIENE,"FILTERS IMPLANTABLE INTO BLOOD VESSELS; PROSTHESES; DEVICES PROVIDING PATENCY TO, OR PREVENTING COLLAPSING OF, TUBULAR STRUCTURES OF THE BODY, E.G. STENTS; ORTHOPAEDIC, NURSING OR CONTRACEPTIVE DEVICES; FOMENTATION; TREATMENT OR PROTECTION OF EYES OR EARS; BANDAGES, DRESSINGS OR ABSORBENT PADS; FIRST-AID KITS",Contraceptive devices; Pessaries; Applicators therefor
A61F7,MEDICAL OR VETERINARY SCIENCE; HYGIENE,"FILTERS IMPLANTABLE INTO BLOOD VESSELS; PROSTHESES; DEVICES PROVIDING PATENCY TO, OR PREVENTING COLLAPSING OF, TUBULAR STRUCTURES OF THE BODY, E.G. STENTS; ORTHOPAEDIC, NURSING OR CONTRACEPTIVE DEVICES; FOMENTATION; TREATMENT OR PROTECTION OF EYES OR EARS; BANDAGES, DRESSINGS OR ABSORBENT PADS; FIRST-AID KITS",Heating or cooling appliances for medical or therapeutic treatment of the human body
A61F9,MEDICAL OR VETERINARY SCIENCE; HYGIENE,"FILTERS IMPLANTABLE INTO BLOOD VESSELS; PROSTHESES; DEVICES PROVIDING PATENCY TO, OR PREVENTING COLLAPSING OF, TUBULAR STRUCTURES OF THE BODY, E.G. STENTS; ORTHOPAEDIC, NURSING OR CONTRACEPTIVE DEVICES; FOMENTATION; TREATMENT OR PROTECTION OF EYES OR EARS; BANDAGES, DRESSINGS OR ABSORBENT PADS; FIRST-AID KITS",Treatment or protection of the eyes or ears; Substitution by other senses
A61H2003,MEDICAL OR VETERINARY SCIENCE; HYGIENE,"PHYSICAL THERAPY APPARATUS, e.g. DEVICES FOR LOCATING OR STIMULATING REFLEX POINTS IN THE BODY; ARTIFICIAL RESPIRATION; MASSAGE; BATHING DEVICES FOR SPECIAL THERAPEUTIC OR HYGIENIC PURPOSES OR SPECIFIC PARTS OF THE BODY",Walking or guiding aids for blind persons with electronic detecting or guiding means with tactile perception
A61H3,MEDICAL OR VETERINARY SCIENCE; HYGIENE,"PHYSICAL THERAPY APPARATUS, e.g. DEVICES FOR LOCATING OR STIMULATING REFLEX POINTS IN THE BODY; ARTIFICIAL RESPIRATION; MASSAGE; BATHING DEVICES FOR SPECIAL THERAPEUTIC OR HYGIENIC PURPOSES OR SPECIFIC PARTS OF THE BODY",Appliances for aiding patients or disabled persons to walk about
A61H39,MEDICAL OR VETERINARY SCIENCE; HYGIENE,"PHYSICAL THERAPY APPARATUS, e.g. DEVICES FOR LOCATING OR STIMULATING REFLEX POINTS IN THE BODY; ARTIFICIAL RESPIRATION; MASSAGE; BATHING DEVICES FOR SPECIAL THERAPEUTIC OR HYGIENIC PURPOSES OR SPECIFIC PARTS OF THE BODY","Devices for locating or stimulating specific reflex points of the body for physical therapy, e.g. acupuncture"
A61J1,MEDICAL OR VETERINARY SCIENCE; HYGIENE,CONTAINERS SPECIALLY ADAPTED FOR MEDICAL OR PHARMACEUTICAL PURPOSES; DEVICES OR METHODS SPECIALLY ADAPTED FOR BRINGING PHARMACEUTICAL PRODUCTS INTO PARTICULAR PHYSICAL OR ADMINISTERING FORMS; DEVICES FOR ADMINISTERING FOOD OR MEDICINES ORALLY; BABY COMFORTERS; DEVICES FOR RECEIVING SPITTLE,Containers specially adapted for medical or pharmaceutical purposes
A61J7,MEDICAL OR VETERINARY SCIENCE; HYGIENE,CONTAINERS SPECIALLY ADAPTED FOR MEDICAL OR PHARMACEUTICAL PURPOSES; DEVICES OR METHODS SPECIALLY ADAPTED FOR BRINGING PHARMACEUTICAL PRODUCTS INTO PARTICULAR PHYSICAL OR ADMINISTERING FORMS; DEVICES FOR ADMINISTERING FOOD OR MEDICINES ORALLY; BABY COMFORTERS; DEVICES FOR RECEIVING SPITTLE,Administering medicines orally; Feeding-bottles in general; Teats; Devices for receiving spittle
A61K6,MEDICAL OR VETERINARY SCIENCE; HYGIENE,"PREPARATIONS FOR MEDICAL, DENTAL, OR TOILET PURPOSES",Preparations for dentistry
A61K9,MEDICAL OR VETERINARY SCIENCE; HYGIENE,"PREPARATIONS FOR MEDICAL, DENTAL, OR TOILET PURPOSES",Medicinal preparations characterised by special physical form
A61L29,MEDICAL OR VETERINARY SCIENCE; HYGIENE,"METHODS OR APPARATUS FOR STERILISING MATERIALS OR OBJECTS IN GENERAL; DISINFECTION, STERILISATION, OR DEODORISATION OF AIR; CHEMICAL ASPECTS OF BANDAGES, DRESSINGS, ABSORBENT PADS, OR SURGICAL ARTICLES; MATERIALS FOR BANDAGES, DRESSINGS, ABSORBENT PADS, OR SURGICAL ARTICLES",Macromolecular materials obtained otherwise than by reactions only involving carbon-to-carbon unsaturated bonds
A61M1,MEDICAL OR VETERINARY SCIENCE; HYGIENE,"DEVICES FOR INTRODUCING MEDIA INTO, OR ONTO, THE BODY; DEVICES FOR TRANSDUCING BODY MEDIA OR FOR TAKING MEDIA FROM THE BODY; DEVICES FOR PRODUCING OR ENDING SLEEP OR STUPOR","Suction or pumping devices for medical purposes; Devices for carrying-off, for treatment of, or for carrying-over, body-liquids; Drainage systems"
A61M13,MEDICAL OR VETERINARY SCIENCE; HYGIENE,"DEVICES FOR INTRODUCING MEDIA INTO, OR ONTO, THE BODY; DEVICES FOR TRANSDUCING BODY MEDIA OR FOR TAKING MEDIA FROM THE BODY; DEVICES FOR PRODUCING OR ENDING SLEEP OR STUPOR","Insufflators for therapeutic or disinfectant purposes,i.e. devices for blowing a gas, powder or vapour into the body"
A61M16,MEDICAL OR VETERINARY SCIENCE; HYGIENE,"DEVICES FOR INTRODUCING MEDIA INTO, OR ONTO, THE BODY; DEVICES FOR TRANSDUCING BODY MEDIA OR FOR TAKING MEDIA FROM THE BODY; DEVICES FOR PRODUCING OR ENDING SLEEP OR STUPOR","Devices for influencing the respiratory system of patients by gas treatment, e.g. mouth-to-mouth respiration; Tracheal tubes"
A61M2005,MEDICAL OR VETERINARY SCIENCE; HYGIENE,"DEVICES FOR INTRODUCING MEDIA INTO, OR ONTO, THE BODY; DEVICES FOR TRANSDUCING BODY MEDIA OR FOR TAKING MEDIA FROM THE BODY; DEVICES FOR PRODUCING OR ENDING SLEEP OR STUPOR","Pressure infusion, e.g. using pumps with gas-producing electrochemical cell"
A61M2025,MEDICAL OR VETERINARY SCIENCE; HYGIENE,"DEVICES FOR INTRODUCING MEDIA INTO, OR ONTO, THE BODY; DEVICES FOR TRANSDUCING BODY MEDIA OR FOR TAKING MEDIA FROM THE BODY; DEVICES FOR PRODUCING OR ENDING SLEEP OR STUPOR","Sensors, electrodes or the like for guiding the catheter to a target zone, e.g. image guided or magnetically guided"
A61M2205,MEDICAL OR VETERINARY SCIENCE; HYGIENE,"DEVICES FOR INTRODUCING MEDIA INTO, OR ONTO, THE BODY; DEVICES FOR TRANSDUCING BODY MEDIA OR FOR TAKING MEDIA FROM THE BODY; DEVICES FOR PRODUCING OR ENDING SLEEP OR STUPOR",General characteristics of the apparatus
A61M25,MEDICAL OR VETERINARY SCIENCE; HYGIENE,"DEVICES FOR INTRODUCING MEDIA INTO, OR ONTO, THE BODY; DEVICES FOR TRANSDUCING BODY MEDIA OR FOR TAKING MEDIA FROM THE BODY; DEVICES FOR PRODUCING OR ENDING SLEEP OR STUPOR",Probes; Catheters; Dilators; Drainage appliances for wounds
A61M27,MEDICAL OR VETERINARY SCIENCE; HYGIENE,"DEVICES FOR INTRODUCING MEDIA INTO, OR ONTO, THE BODY; DEVICES FOR TRANSDUCING BODY MEDIA OR FOR TAKING MEDIA FROM THE BODY; DEVICES FOR PRODUCING OR ENDING SLEEP OR STUPOR","Drainage appliances for wounds or the like,i.e. wound drains, implanted drains"
A61M29,MEDICAL OR VETERINARY SCIENCE; HYGIENE,"DEVICES FOR INTRODUCING MEDIA INTO, OR ONTO, THE BODY; DEVICES FOR TRANSDUCING BODY MEDIA OR FOR TAKING MEDIA FROM THE BODY; DEVICES FOR PRODUCING OR ENDING SLEEP OR STUPOR","Dilators with or without means for introducing media, e.g. remedies"
A61M3,MEDICAL OR VETERINARY SCIENCE; HYGIENE,"DEVICES FOR INTRODUCING MEDIA INTO, OR ONTO, THE BODY; DEVICES FOR TRANSDUCING BODY MEDIA OR FOR TAKING MEDIA FROM THE BODY; DEVICES FOR PRODUCING OR ENDING SLEEP OR STUPOR",Syringes; Irrigators; Baths for subaquatic intestinal cleaning
A61M31,MEDICAL OR VETERINARY SCIENCE; HYGIENE,"DEVICES FOR INTRODUCING MEDIA INTO, OR ONTO, THE BODY; DEVICES FOR TRANSDUCING BODY MEDIA OR FOR TAKING MEDIA FROM THE BODY; DEVICES FOR PRODUCING OR ENDING SLEEP OR STUPOR","Devices for introducing or retaining media, e.g. remedies, in cavities of the body"
A61M39,MEDICAL OR VETERINARY SCIENCE; HYGIENE,"DEVICES FOR INTRODUCING MEDIA INTO, OR ONTO, THE BODY; DEVICES FOR TRANSDUCING BODY MEDIA OR FOR TAKING MEDIA FROM THE BODY; DEVICES FOR PRODUCING OR ENDING SLEEP OR STUPOR","Tubes, tube connectors, tube couplings, valves, access sites or the like, specially adapted for medical use"
A61M5,MEDICAL OR VETERINARY SCIENCE; HYGIENE,"DEVICES FOR INTRODUCING MEDIA INTO, OR ONTO, THE BODY; DEVICES FOR TRANSDUCING BODY MEDIA OR FOR TAKING MEDIA FROM THE BODY; DEVICES FOR PRODUCING OR ENDING SLEEP OR STUPOR","Devices for bringing media into the body in a subcutaneous, intra-vascular or intramuscular way; Accessories therefor, e.g. filling or cleaning devices, arm-rests"
A61N1,MEDICAL OR VETERINARY SCIENCE; HYGIENE,ELECTROTHERAPY; MAGNETOTHERAPY; RADIATION THERAPY; ULTRASOUND THERAPY,Electrotherapy; Circuits therefor
A61N2005,MEDICAL OR VETERINARY SCIENCE; HYGIENE,ELECTROTHERAPY; MAGNETOTHERAPY; RADIATION THERAPY; ULTRASOUND THERAPY,"Monitoring, verifying, controlling systems and methods for verifying the position of the patient with respect to the radiation beam using a portal imaging system"
A61N5,MEDICAL OR VETERINARY SCIENCE; HYGIENE,ELECTROTHERAPY; MAGNETOTHERAPY; RADIATION THERAPY; ULTRASOUND THERAPY,Radiation therapy
A63F13,SPORTS; GAMES; AMUSEMENTS,"CARD, BOARD, OR ROULETTE GAMES; INDOOR GAMES USING SMALL MOVING PLAYING BODIES; VIDEO GAMES; GAMES NOT OTHERWISE PROVIDED FOR","Video games, i.e. games using an electronically generated display having two or more dimensions"
A63F2300,SPORTS; GAMES; AMUSEMENTS,"CARD, BOARD, OR ROULETTE GAMES; INDOOR GAMES USING SMALL MOVING PLAYING BODIES; VIDEO GAMES; GAMES NOT OTHERWISE PROVIDED FOR","Features of games using an electronically generated display having two or more dimensions, e.g. on a television screen, showing representations related to the game"
A63F7,SPORTS; GAMES; AMUSEMENTS,"CARD, BOARD, OR ROULETTE GAMES; INDOOR GAMES USING SMALL MOVING PLAYING BODIES; VIDEO GAMES; GAMES NOT OTHERWISE PROVIDED FOR","Indoor games using small moving playing bodies, e.g. balls, discs or blocks"
B01D61,PHYSICAL OR CHEMICAL PROCESSES OR APPARATUS IN GENERAL,SEPARATION,"Processes of separation using semi-permeable membranes, e.g. dialysis, osmosis, ultrafiltration; Apparatus specially adapted therefor; Semi-permeable membranes or their production"
B01J4,PHYSICAL OR CHEMICAL PROCESSES OR APPARATUS IN GENERAL,"CHEMICAL OR PHYSICAL PROCESSES, e.g. CATALYSIS, COLLOID CHEMISTRY; THEIR RELEVANT APPARATUS",Feed or outletdevices; Feed or outlet regulating devices
B01L3,PHYSICAL OR CHEMICAL PROCESSES OR APPARATUS IN GENERAL,CHEMICAL OR PHYSICAL LABORATORY APPARATUS FOR GENERAL USE,"Containers or dishes for laboratory use, e.g. laboratory glassware; Droppers"
B05D3,"SPRAYING OR ATOMISING IN GENERAL; APPLYING LIQUIDS OR OTHER FLUENT MATERIALS TO SURFACES, IN GENERAL","PROCESSES FOR APPLYING LIQUIDS OR OTHER FLUENT MATERIALS TO SURFACES, IN GENERAL","Pretreatment of surfaces to which liquids or other fluent materials are to be applied; After-treatment of applied coatings, e.g. intermediate treating of an applied coating preparatory to subsequent applications of liquids or other fluent materials"
B06B1,GENERATING OR TRANSMITTING MECHANICAL VIBRATIONS IN GENERAL,"METHODS OR APPARATUS FOR GENERATING OR TRANSMITTING MECHANICAL VIBRATIONS OF INFRASONIC, SONIC, OR ULTRASONIC FREQUENCY, e.g. FOR PERFORMING MECHANICAL WORK IN GENERAL","Methods or apparatus for generating mechanical vibrations of infrasonic, sonic, or ultrasonic frequency"
B06B3,GENERATING OR TRANSMITTING MECHANICAL VIBRATIONS IN GENERAL,"METHODS OR APPARATUS FOR GENERATING OR TRANSMITTING MECHANICAL VIBRATIONS OF INFRASONIC, SONIC, OR ULTRASONIC FREQUENCY, e.g. FOR PERFORMING MECHANICAL WORK IN GENERAL","Methods or apparatus specially adapted for transmitting mechanical vibrations of infrasonic, sonic, or ultrasonic frequency"
B08B7,CLEANING,CLEANING IN GENERAL; PREVENTION OF FOULING IN GENERAL,Cleaning by methods not provided for in a single other subclass or a single group in this subclass
B21B38,MECHANICAL METAL-WORKING WITHOUT ESSENTIALLY REMOVING MATERIAL; PUNCHING METAL,ROLLING OF METAL,"Methods or devices for measuring,detecting or monitoringspecially adapted for metal-rolling mills, e.g. position detection, inspection of the product"
B23B2260,MACHINE TOOLS; METAL-WORKING NOT OTHERWISE PROVIDED FOR,TURNING; BORING,Details of constructional elements
B23B45,MACHINE TOOLS; METAL-WORKING NOT OTHERWISE PROVIDED FOR,TURNING; BORING,"Hand-held or like portable drilling machines, e.g. drill guns; Equipment therefor"
B23B49,MACHINE TOOLS; METAL-WORKING NOT OTHERWISE PROVIDED FOR,TURNING; BORING,Measuring or gauging equipment on boring machines for positioning or guiding the drill; Devices for indicating failure of drills during boring; Centering devices for holes to be bored
B23K26,MACHINE TOOLS; METAL-WORKING NOT OTHERWISE PROVIDED FOR,"SOLDERING OR UNSOLDERING; WELDING; CLADDING OR PLATING BY SOLDERING OR WELDING; CUTTING BY APPLYING HEAT LOCALLY, e.g. FLAME CUTTING; WORKING BY LASER BEAM","Working by laser beam, e.g. welding, cutting, boring"
B23K37,MACHINE TOOLS; METAL-WORKING NOT OTHERWISE PROVIDED FOR,"SOLDERING OR UNSOLDERING; WELDING; CLADDING OR PLATING BY SOLDERING OR WELDING; CUTTING BY APPLYING HEAT LOCALLY, e.g. FLAME CUTTING; WORKING BY LASER BEAM","Auxiliary devices or processes, not specially adapted to a procedure covered by only one of the preceding main groups"
B23Q1,MACHINE TOOLS; METAL-WORKING NOT OTHERWISE PROVIDED FOR,"DETAILS, COMPONENTS, OR ACCESSORIES FOR MACHINE TOOLS, e.g. ARRANGEMENTS FOR COPYING OR CONTROLLING; MACHINE TOOLS IN GENERAL CHARACTERISED BY THE CONSTRUCTION OF PARTICULAR DETAILS OR COMPONENTS; COMBINATIONS OR ASSOCIATIONS OF METAL-WORKING MACHINES, NOT DIRECTED TO A PARTICULAR RESULT","Members which are comprised in the general build-up of a form of machine, particularly relatively large fixed members"
B23Q11,MACHINE TOOLS; METAL-WORKING NOT OTHERWISE PROVIDED FOR,"DETAILS, COMPONENTS, OR ACCESSORIES FOR MACHINE TOOLS, e.g. ARRANGEMENTS FOR COPYING OR CONTROLLING; MACHINE TOOLS IN GENERAL CHARACTERISED BY THE CONSTRUCTION OF PARTICULAR DETAILS OR COMPONENTS; COMBINATIONS OR ASSOCIATIONS OF METAL-WORKING MACHINES, NOT DIRECTED TO A PARTICULAR RESULT","Accessories fitted to machine tools for keeping tools or parts of the machine in good working condition or for cooling work; Safety devices specially combined with or arranged in, or specially adapted for use in connection with, machine tools"
B23Q15,MACHINE TOOLS; METAL-WORKING NOT OTHERWISE PROVIDED FOR,"DETAILS, COMPONENTS, OR ACCESSORIES FOR MACHINE TOOLS, e.g. ARRANGEMENTS FOR COPYING OR CONTROLLING; MACHINE TOOLS IN GENERAL CHARACTERISED BY THE CONSTRUCTION OF PARTICULAR DETAILS OR COMPONENTS; COMBINATIONS OR ASSOCIATIONS OF METAL-WORKING MACHINES, NOT DIRECTED TO A PARTICULAR RESULT",Measuring; Indicating; Controlling
B23Q2220,MACHINE TOOLS; METAL-WORKING NOT OTHERWISE PROVIDED FOR,"DETAILS, COMPONENTS, OR ACCESSORIES FOR MACHINE TOOLS, e.g. ARRANGEMENTS FOR COPYING OR CONTROLLING; MACHINE TOOLS IN GENERAL CHARACTERISED BY THE CONSTRUCTION OF PARTICULAR DETAILS OR COMPONENTS; COMBINATIONS OR ASSOCIATIONS OF METAL-WORKING MACHINES, NOT DIRECTED TO A PARTICULAR RESULT",Machine tool components
B25D17,HAND TOOLS; PORTABLE POWER-DRIVEN TOOLS; MANIPULATORS,PERCUSSIVE TOOLS [M1204,"Details of, or accessories for, portable power-driven percussive tools"
B25F5,HAND TOOLS; PORTABLE POWER-DRIVEN TOOLS; MANIPULATORS,HAND TOOLS; PORTABLE POWER-DRIVEN TOOLS; MANIPULATORS,COMBINATION OR MULTI-PURPOSE TOOLS NOT OTHERWISE PROVIDED FOR; DETAILS OR COMPONENTS OF PORTABLE POWER-DRIVEN TOOLS NOT PARTICULARLY RELATED TO THE OPERATIONS PERFORMED AND NOT OTHERWISE PROVIDED FOR
B25J13,HAND TOOLS; PORTABLE POWER-DRIVEN TOOLS; MANIPULATORS,MANIPULATORS; CHAMBERS PROVIDED WITH MANIPULATION DEVICES,Controls for manipulators
B25J19,HAND TOOLS; PORTABLE POWER-DRIVEN TOOLS; MANIPULATORS,MANIPULATORS; CHAMBERS PROVIDED WITH MANIPULATION DEVICES,"Accessories fitted to manipulators, e.g. for monitoring, for viewing; Safety devices combined with or specially adapted for use in connection with manipulators"
B25J9,HAND TOOLS; PORTABLE POWER-DRIVEN TOOLS; MANIPULATORS,MANIPULATORS; CHAMBERS PROVIDED WITH MANIPULATION DEVICES,Programme-controlled manipulators
B41B19,PRINTING; LINING MACHINES; TYPEWRITERS; STAMPS,"MACHINES OR ACCESSORIES FOR MAKING, SETTING, OR DISTRIBUTING TYPE; TYPE; PHOTOGRAPHIC OR PHOTOELECTRIC COMPOSING DEVICES",Photoelectronic composing machines
B41J2,PRINTING; LINING MACHINES; TYPEWRITERS; STAMPS,"TYPEWRITERS; SELECTIVE PRINTING MECHANISMS, e.g. INK-JET PRINTERS, THERMAL PRINTERS, i.e. MECHANISMS PRINTING OTHERWISE THAN FROM A FORME; CORRECTION OF TYPOGRAPHICAL ERRORS",Typewriters or selective printing mechanisms characterised by the printing or marking process for which they are designed
B41M5,PRINTING; LINING MACHINES; TYPEWRITERS; STAMPS,"PRINTING, DUPLICATING, MARKING, OR COPYING PROCESSES; COLOUR PRINTING,",Duplicating or marking methods; Sheet materials for use therein
B44B3,DECORATIVE ARTS,"MACHINES, APPARATUS OR TOOLS FOR ARTISTIC WORK, e.g. FOR SCULPTURING, GUILLOCHING, CARVING, BRANDING, INLAYING","Artist`s machines or apparatus equipped with tools or work holders moving or able to be controlled substantially two- dimensionally for carving, engraving, or guilloching shallow ornamenting or markings"
B44B7,DECORATIVE ARTS,"MACHINES, APPARATUS OR TOOLS FOR ARTISTIC WORK, e.g. FOR SCULPTURING, GUILLOCHING, CARVING, BRANDING, INLAYING","Machines, apparatus or hand tools for branding, e.g. using radiant energy such as laser beams"
B60D1,VEHICLES IN GENERAL,VEHICLE CONNECTIONS,Traction couplings; Hitches; Draw-gear; Towing devices
B60L13,VEHICLES IN GENERAL,"ELECTRIC EQUIPMENT OR PROPULSION OF ELECTRICALLY-PROPELLED VEHICLES; MAGNETIC SUSPENSION OR LEVITATION FOR VEHICLES; ELECTRODYNAMIC BRAKE SYSTEMS FOR VEHICLES, IN GENERAL","Electric propulsion for monorail vehicles, suspension vehicles or rack railways; Magnetic suspension or levitation for vehicles"
B61C15,RAILWAYS,LOCOMOTIVES; MOTOR RAILCARS,Details or accessories not otherwise provided for
B61L3,RAILWAYS,GUIDING RAILWAY TRAFFIC; ENSURING THE SAFETY OF RAILWAY TRAFFIC,"Devices along the route for controlling devices on the vehicle or vehicle train, e.g. to release brake, to operate a warning signal"
B62D55,LAND VEHICLES FOR TRAVELLING OTHERWISE THAN ON RAILS,MOTOR VEHICLES; TRAILERS,Endless track vehicles
B62D57,LAND VEHICLES FOR TRAVELLING OTHERWISE THAN ON RAILS,MOTOR VEHICLES; TRAILERS,"Vehicles characterised by having other propulsion or other ground- engaging means than wheels or endless track, alone or in addition to wheels or endless track"
B63B59,SHIPS OR OTHER WATERBORNE VESSELS; SHIPS OR OTHER WATERBORNE VESSELS; RELATED EQUIPMENT,SHIPS OR OTHER WATERBORNE VESSELS; EQUIPMENT FOR SHIPPING,Hull protection peculiar to vessels; Cleaning devices peculiar to vessels and integral therewith
B63C11,SHIPS OR OTHER WATERBORNE VESSELS; SHIPS OR OTHER WATERBORNE VESSELS; RELATED EQUIPMENT,"LAUNCHING, HAULING-OUT, OR DRY-DOCKING OF VESSELS; LIFE-SAVING IN WATER; EQUIPMENT FOR DWELLING OR WORKING UNDER WATER; MEANS FOR SALVAGING OR SEARCHING FOR UNDERWATER OBJECTS",Equipment for dwelling or working underwater; Means for searching for underwater objects
B64F1,AIRCRAFT; AVIATION; COSMONAUTICS,GROUND OR AIRCRAFT-CARRIER-DECK INSTALLATIONS,Ground or aircraft-carrier-deck-installations
B65D1,CONVEYING; PACKING; STORING; HANDLING THIN OR FILAMENTARY MATERIAL,"CONTAINERS FOR STORAGE OR TRANSPORT OF ARTICLES OR MATERIALS, e.g. BAGS, BARRELS, BOTTLES, BOXES, CANS, CARTONS, CRATES, DRUMS, JARS, TANKS, HOPPERS, FORWARDING CONTAINERS; ACCESSORIES, CLOSURES, OR FITTINGS THEREFOR; PACKAGING ELEMENTS; PACKAGES",General kinds of rigid or semi-rigid containers
B66F11,HOISTING; LIFTING; HAULING,"HOISTING, LIFTING, HAULING OR PUSHING, NOT OTHERWISE PROVIDED FOR, e.g. DEVICES WHICH APPLY A LIFTING OR PUSHING FORCE DIRECTLY TO THE SURFACE OF A LOAD",Lifting devices specially adapted for particular uses not otherwise provided for
B82Y15,NANO-TECHNOLOGY,SPECIFIC USES OR APPLICATIONS OF NANO-STRUCTURES; MEASUREMENT OR ANALYSIS OF NANO-STRUCTURES; MANUFACTURE OR TREATMENT OF NANO-STRUCTURES,"Nano-technology for interacting, sensing or actuating, e.g. quantum dots as markers in protein assays or molecular motors"
C07C303,ORGANIC CHEMISTRY,ACYCLIC OR CARBOCYCLIC COMPOUNDS,"Preparation of esters or amides of sulfuric acids; Preparation of sulfonic acids or of their esters, halides, anhydrides or amides"
C07D241,ORGANIC CHEMISTRY,HETEROCYCLIC COMPOUNDS," Heterocyclic compounds containing 1,4-diazine or hydrogenated 1,4-diazine rings"
C08L67,ORGANIC MACROMOLECULAR COMPOUNDS; THEIR PREPARATION OR CHEMICAL WORKING-UP; COMPOSITIONS BASED THEREON,COMPOSITIONS OF MACROMOLECULAR COMPOUNDS,Compositions of polyesters obtained by reactions forming a carboxylic ester link in the main chain; Compositions of derivatives of such polymers
C10M2201,"PETROLEUM, GAS OR COKE INDUSTRIES; TECHNICAL GASES CONTAINING CARBON MONOXIDE; FUELS; LUBRICANTS; PEAT",LUBRICATING COMPOSITIONS; USE OF CHEMICAL SUBSTANCES EITHER ALONE OR AS LUBRICATING INGREDIENTS IN A LUBRICATING COMPOSITION,Inorganic compounds or elements as ingredients in lubricant compositions
C10M2207,"PETROLEUM, GAS OR COKE INDUSTRIES; TECHNICAL GASES CONTAINING CARBON MONOXIDE; FUELS; LUBRICANTS; PEAT",LUBRICATING COMPOSITIONS; USE OF CHEMICAL SUBSTANCES EITHER ALONE OR AS LUBRICATING INGREDIENTS IN A LUBRICATING COMPOSITION,"Organic non-macromolecular hydrocarbon compounds containing hydrogen, carbon and oxygen as ingredients in lubricant compositions"
C10M2219,"PETROLEUM, GAS OR COKE INDUSTRIES; TECHNICAL GASES CONTAINING CARBON MONOXIDE; FUELS; LUBRICANTS; PEAT",LUBRICATING COMPOSITIONS; USE OF CHEMICAL SUBSTANCES EITHER ALONE OR AS LUBRICATING INGREDIENTS IN A LUBRICATING COMPOSITION,"Organic non-macromolecular compounds containing sulfur, selenium or tellurium as ingredients in lubricant compositions"
C10M2221,"PETROLEUM, GAS OR COKE INDUSTRIES; TECHNICAL GASES CONTAINING CARBON MONOXIDE; FUELS; LUBRICANTS; PEAT",LUBRICATING COMPOSITIONS; USE OF CHEMICAL SUBSTANCES EITHER ALONE OR AS LUBRICATING INGREDIENTS IN A LUBRICATING COMPOSITION,"Organic macromolecular compounds containing sulfur, selenium or tellurium as ingredients in lubricant compositions"
C11D1,"ANIMAL AND VEGETABLE OILS, FATS, FATTY SUBSTANCES AND WAXES; FATTY ACIDS THEREFROM; DETERGENTS; CANDLES",DETERGENT COMPOSITIONS; USE OF SINGLE SUBSTANCES AS DETERGENTS; SOAP OR SOAP-MAKING; RESIN SOAPS; RECOVERY OF GLYCEROL,Detergent compositions based essentially on surface-active compounds; Use of these compounds as a detergent
C11D3,"ANIMAL AND VEGETABLE OILS, FATS, FATTY SUBSTANCES AND WAXES; FATTY ACIDS THEREFROM; DETERGENTS; CANDLES",DETERGENT COMPOSITIONS; USE OF SINGLE SUBSTANCES AS DETERGENTS; SOAP OR SOAP-MAKING; RESIN SOAPS; RECOVERY OF GLYCEROL,Other compounding ingredients of detergent compositions covered in group C11D1/00
C21D1,METALLURGY OF IRON,"MODIFYING THE PHYSICAL STRUCTURE OF FERROUS METALS; GENERAL DEVICES FOR HEAT TREATMENT OF FERROUS OR NON-FERROUS METALS OR ALLOYS; MAKING METAL MALLEABLE BY DECARBURISATION, TEMPERING OR OTHER TREATMENTS","General methods or devices for heat treatments, e.g. annealing, hardening, quenching, tempering"
C22C19,METALLURGY; FERROUS OR NON-FERROUS ALLOYS; TREATMENT OF ALLOYS OR NON-FERROUS METALS,ALLOYS,Alloys based on nickel or cobalt
D01G23,NATURAL OR ARTIFICIAL THREADS OR FIBRES; SPINNING,"PRELIMINARY TREATMENT OF FIBRES, e.g. FOR SPINNING",Feeding fibres to machines; Conveying fibres between machines
D06M13,TREATMENT OF TEXTILES OR THE LIKE; LAUNDERING; FLEXIBLE MATERIALS NOT OTHERWISE PROVIDED FOR,"TREATMENT, NOT PROVIDED FOR ELSEWHERE IN CLASS D06, OF FIBRES, THREADS, YARNS, FABRICS, FEATHERS, OR FIBROUS GOODS MADE FROM SUCH MATERIALS","Treating fibres, threads, yarns, fabrics or fibrous goods made from such materials, with non-macromolecular organic compounds; Such treatment combined with mechanical treatment"
D21C9,PAPER-MAKING; PRODUCTION OF CELLULOSE,PRODUCTION OF CELLULOSE BY REMOVING NON-CELLULOSE SUBSTANCES FROM CELLULOSE-CONTAINING MATERIALS; REGENERATION OF PULPING LIQUORS; APPARATUS THEREFOR,"After-treatment of cellulose pulp, e.g. of wood pulp, or cotton linters; Treatment of dilute or dewatered pulp or process improvement taking place after obtaining the raw cellulosic material and not provided for elsewhere"
E02F9,HYDRAULIC ENGINEERING; FOUNDATIONS; SOIL SHIFTING,DREDGING; SOIL-SHIFTING,"Component parts of dredgers or soil-shifting machines, not restricted to one of the kinds covered by groups E02F3/00 to E02F7/00"
E21B21,EARTH DRILLING; MINING,"EARTH DRILLING, e.g. DEEP DRILLING; OBTAINING OIL, GAS, WATER, SOLUBLE OR MELTABLE MATERIALS OR A SLURRY OF MINERALS FROM WELLS","Methods or apparatus for flushing boreholes, e.g. by use of exhaust air from motor"
E21B33,EARTH DRILLING; MINING,"EARTH DRILLING, e.g. DEEP DRILLING; OBTAINING OIL, GAS, WATER, SOLUBLE OR MELTABLE MATERIALS OR A SLURRY OF MINERALS FROM WELLS",Sealing or packing boreholes or wells
E21B41,EARTH DRILLING; MINING,"EARTH DRILLING, e.g. DEEP DRILLING; OBTAINING OIL, GAS, WATER, SOLUBLE OR MELTABLE MATERIALS OR A SLURRY OF MINERALS FROM WELLS",Equipment or details not covered by groups E21B15/00 to E21B40/00
E21B47,EARTH DRILLING; MINING,"EARTH DRILLING, e.g. DEEP DRILLING; OBTAINING OIL, GAS, WATER, SOLUBLE OR MELTABLE MATERIALS OR A SLURRY OF MINERALS FROM WELLS",Survey of boreholes or wells
E21B7,EARTH DRILLING; MINING,"EARTH DRILLING, e.g. DEEP DRILLING; OBTAINING OIL, GAS, WATER, SOLUBLE OR MELTABLE MATERIALS OR A SLURRY OF MINERALS FROM WELLS",Special methods or apparatus for drilling
F02B1,COMBUSTION ENGINES; HOT-GAS OR COMBUSTION-PRODUCT ENGINE PLANTS,NTERNAL-COMBUSTION PISTON ENGINES; COMBUSTION ENGINES IN GENERAL,Engines characterised by fuel-air mixture compression
F02B2075,COMBUSTION ENGINES; HOT-GAS OR COMBUSTION-PRODUCT ENGINE PLANTS,INTERNAL-COMBUSTION PISTON ENGINES; COMBUSTION ENGINES IN GENERAL,"Engines characterised by their cycles, e.g. six-stroke having less than six strokes per cycle"
F02B3,COMBUSTION ENGINES; HOT-GAS OR COMBUSTION-PRODUCT ENGINE PLANTS,NTERNAL-COMBUSTION PISTON ENGINES; COMBUSTION ENGINES IN GENERAL,Engines characterised by air compression and subsequent fuel addition
F02C3,COMBUSTION ENGINES; HOT-GAS OR COMBUSTION-PRODUCT ENGINE PLANTS,GAS-TURBINE PLANTS; AIR INTAKES FOR JET-PROPULSION PLANTS; CONTROLLING FUEL SUPPLY IN AIR-BREATHING JET-PROPULSION PLANTS,Gas-turbine plants characterised by the use of combustion products as the working fluid
F04B45,EARTH DRILLING; MINING,POSITIVE DISPLACEMENT MACHINES FOR LIQUIDS; PUMPS,Pumps or pumping installations having flexible working members and specially adapted for elastic fluids
F04C2270,POSITIVE DISPLACEMENT MACHINES FOR LIQUIDS; PUMPS FOR LIQUIDS OR ELASTIC FLUIDS,"ROTARY-PISTON, OR OSCILLATING-PISTON, POSITIVE-DISPLACEMENT MACHINES FOR LIQUIDS; ROTARY-PISTON, OR OSCILLATING-PISTON, POSITIVE-DISPLACEMENT PUMPS",Controlled or regulated
F16B25,ENGINEERING ELEMENTS AND UNITS; GENERAL MEASURES FOR PRODUCING AND MAINTAINING EFFECTIVE FUNCTIONING OF MACHINES OR INSTALLATIONS; THERMAL INSULATION IN GENERAL,"DEVICES FOR FASTENING OR SECURING CONSTRUCTIONAL ELEMENTS OR MACHINE PARTS TOGETHER, e.g. NAILS, BOLTS, CIRCLIPS, CLAMPS, CLIPS, WEDGES, JOINTS OR JOINTING","Screws that cut thread in the body into which they are screwed, e.g. wood screws"
F16B5,ENGINEERING ELEMENTS AND UNITS; GENERAL MEASURES FOR PRODUCING AND MAINTAINING EFFECTIVE FUNCTIONING OF MACHINES OR INSTALLATIONS; THERMAL INSULATION IN GENERAL,"DEVICES FOR FASTENING OR SECURING CONSTRUCTIONAL ELEMENTS OR MACHINE PARTS TOGETHER, e.g. NAILS, BOLTS, CIRCLIPS, CLAMPS, CLIPS, WEDGES, JOINTS OR JOINTING","Joining sheets or plates, e.g. panels, to one another or to strips or bars parallel to them"
F16L3,ENGINEERING ELEMENTS AND UNITS; GENERAL MEASURES FOR PRODUCING AND MAINTAINING EFFECTIVE FUNCTIONING OF MACHINES OR INSTALLATIONS; THERMAL INSULATION IN GENERAL,"PIPES; JOINTS OR FITTINGS FOR PIPES; SUPPORTS FOR PIPES, CABLES OR PROTECTIVE TUBING; MEANS FOR THERMAL INSULATION IN GENERAL","Supports for pipes, cables or protective tubing, e.g. hangers, holders, clamps, cleats, clips, brackets"
F16L37,ENGINEERING ELEMENTS AND UNITS; GENERAL MEASURES FOR PRODUCING AND MAINTAINING EFFECTIVE FUNCTIONING OF MACHINES OR INSTALLATIONS; THERMAL INSULATION IN GENERAL,"PIPES; JOINTS OR FITTINGS FOR PIPES; SUPPORTS FOR PIPES, CABLES OR PROTECTIVE TUBING; MEANS FOR THERMAL INSULATION IN GENERAL",Couplings of the quick-acting type
F16M11,ENGINEERING ELEMENTS AND UNITS; GENERAL MEASURES FOR PRODUCING AND MAINTAINING EFFECTIVE FUNCTIONING OF MACHINES OR INSTALLATIONS; THERMAL INSULATION IN GENERAL,"FRAMES, CASINGS, OR BEDS OF ENGINES OR OTHER MACHINES OR APPARATUS NOT SPECIFIC TO AN ENGINE, MACHINE, OR APPARATUS PROVIDED FOR ELSEWHERE; STANDS OR SUPPORTS","Frames or casings of engines, machines or apparatus; Frames serving as machinery beds"
F16P3,ENGINEERING ELEMENTS AND UNITS; GENERAL MEASURES FOR PRODUCING AND MAINTAINING EFFECTIVE FUNCTIONING OF MACHINES OR INSTALLATIONS; THERMAL INSULATION IN GENERAL,SAFETY DEVICES IN GENERAL; SAFETY DEVICES FOR PRESSES,Safety devices acting in conjunction with the control or operation of a machine; Control arrangements requiring the simultaneous use of two or more parts of the body
F22B37,STEAM GENERATION,METHODS OF STEAM GENERATION; STEAM BOILERS,Component parts or details of steam boilers
F23C99,COMBUSTION APPARATUS; COMBUSTION PROCESSES,COMBUSTION APPARATUS USING FLUENT FUEL,Subject-matter not provided for in other groups of this subclass
F24C15,HEATING; RANGES; VENTILATING,"OTHER DOMESTIC STOVES OR RANGES; DETAILS OF DOMESTIC STOVES OR RANGES, OF GENERAL APPLICATION",Details
F24C3,HEATING; RANGES; VENTILATING,"OTHER DOMESTIC STOVES OR RANGES; DETAILS OF DOMESTIC STOVES OR RANGES, OF GENERAL APPLICATION",Stoves and ranges for gaseous fuels
F24C7,HEATING; RANGES; VENTILATING,"OTHER DOMESTIC STOVES OR RANGES; DETAILS OF DOMESTIC STOVES OR RANGES, OF GENERAL APPLICATION",Stoves or ranges heated by electrical energy
F25B9,REFRIGERATION OR COOLING; COMBINED HEATING AND REFRIGERATION SYSTEMS; HEAT PUMP SYSTEMS; MANUFACTURE OR STORAGE OF ICE; LIQUEFACTION SOLIDIFICATION OF GASES,"REFRIGERATION MACHINES, PLANTS OR SYSTEMS; COMBINED HEATING AND REFRIGERATION SYSTEMS; HEAT-PUMP SYSTEMS","Compression machines, plant, or systems, in which the refrigerant is air or other gas of low boiling point"
F26B1,DRYING,DRYING SOLID MATERIALS OR OBJECTS BY REMOVING LIQUID THEREFROM,Processes for drying
F26B17,DRYING,DRYING SOLID MATERIALS OR OBJECTS BY REMOVING LIQUID THEREFROM,"Machines or apparatus for drying materials in loose, plastic, or fluidised form, e.g. granules, staple fibres, with progressive movement"
F26B25,DRYING,DRYING SOLID MATERIALS OR OBJECTS BY REMOVING LIQUID THEREFROM,Details of general application not covered by group F26B21/00 or F26B23/00
F26B7,DRYING,DRYING SOLID MATERIALS OR OBJECTS BY REMOVING LIQUID THEREFROM,Drying solid materials or objects by processes using a combination of processes not covered by a single one of groups F26B3/00 and F26B5/00
F41G3,WEAPONS,WEAPON SIGHTS; AIMING,Aiming means; Laying means
F41G5,WEAPONS,WEAPON SIGHTS; AIMING,levating or traversing control systems for guns
F41G7,WEAPONS,WEAPON SIGHTS; AIMING,Direction control systems for self-propelled missiles
F41J5,WEAPONS,TARGETS; TARGET RANGES; BULLET CATCHERS,Target indicating systems; Target-hit or score detecting systems
G01B11,MEASURING; TESTING,"MEASURING LENGTH, THICKNESS OR SIMILAR LINEAR DIMENSIONS; MEASURING ANGLES; MEASURING AREAS; MEASURING IRREGULARITIES OF SURFACES OR CONTOURS",Measuring arrangements characterised by the use of optical means
G01B17,MEASURING; TESTING,"MEASURING LENGTH, THICKNESS OR SIMILAR LINEAR DIMENSIONS; MEASURING ANGLES; MEASURING AREAS; MEASURING IRREGULARITIES OF SURFACES OR CONTOURS","Measuring arrangements characterised by the use of subsonic, sonic or ultrasonic vibrations"
G01B3,MEASURING; TESTING,"MEASURING LENGTH, THICKNESS OR SIMILAR LINEAR DIMENSIONS; MEASURING ANGLES; MEASURING AREAS; MEASURING IRREGULARITIES OF SURFACES OR CONTOURS",Instruments as specified in the subgroups and characterised by the use of mechanical measuring means
G01B7,MEASURING; TESTING,"MEASURING LENGTH, THICKNESS OR SIMILAR LINEAR DIMENSIONS; MEASURING ANGLES; MEASURING AREAS; MEASURING IRREGULARITIES OF SURFACES OR CONTOURS",Measuring arrangements characterised by the use of electric or magnetic means
G01B8,MEASURING; TESTING,"MEASURING LENGTH, THICKNESS OR SIMILAR LINEAR DIMENSIONS; MEASURING ANGLES; MEASURING AREAS; MEASURING IRREGULARITIES OF SURFACES OR CONTOURS","Diagnosis using ultrasonic, sonic or infrasonic waves"
G01C15,MEASURING; TESTING,"MEASURING DISTANCES, LEVELS OR BEARINGS; SURVEYING; NAVIGATION; GYROSCOPIC INSTRUMENTS; PHOTOGRAMMETRY OR VIDEOGRAMMETRY",surveying instruments or accessories not provided for in groups G01C1/00 to G01C13/00
G01C19,MEASURING; TESTING,"MEASURING DISTANCES, LEVELS OR BEARINGS; SURVEYING; NAVIGATION; GYROSCOPIC INSTRUMENTS; PHOTOGRAMMETRY OR VIDEOGRAMMETRY",Gyroscopes; Turn-sensitive devices using vibrating masses; Turn-sensitive devices without moving masses; Measuring angular rate using gyroscopic effects
G01C25,MEASURING; TESTING,"MEASURING DISTANCES, LEVELS OR BEARINGS; SURVEYING; NAVIGATION; GYROSCOPIC INSTRUMENTS; PHOTOGRAMMETRY OR VIDEOGRAMMETRY","Manufacturing, calibrating, cleaning, or repairing instruments and devices referred to in the preceding groups"
G01C3,MEASURING; TESTING,"MEASURING DISTANCES, LEVELS OR BEARINGS; SURVEYING; NAVIGATION; GYROSCOPIC INSTRUMENTS; PHOTOGRAMMETRY OR VIDEOGRAMMETRY",Measuring distances in line of sight; optical rangefinders
G01C5,MEASURING; TESTING,"MEASURING DISTANCES, LEVELS OR BEARINGS; SURVEYING; NAVIGATION; GYROSCOPIC INSTRUMENTS; PHOTOGRAMMETRY OR VIDEOGRAMMETRY",Measuring height; Measuring distances transverse to line of sight; Levelling between separated points; Surveyors` levels
G01C7,MEASURING; TESTING,"MEASURING DISTANCES, LEVELS OR BEARINGS; SURVEYING; NAVIGATION; GYROSCOPIC INSTRUMENTS; PHOTOGRAMMETRY OR VIDEOGRAMMETRY",Tracing profiles
G01D5,MEASURING; TESTING,MEASURING NOT SPECIALLY ADAPTED FOR A SPECIFIC VARIABLE; ARRANGEMENTS FOR MEASURING TWO OR MORE VARIABLES NOT COVERED IN A SINGLE OTHER SUBCLASS; TARIFF METERING APPARATUS; MEASURING OR TESTING NOT OTHERWISE PROVIDED FOR,Mechanical means for transferring the output of a sensing member; Means for converting the output of a sensing member to another variable where the form or nature of the sensing member does not constrain the means for converting; Transducers not specially adapted for a specific variable
G01F1,MEASURING; TESTING,"MEASURING VOLUME, VOLUME FLOW, MASS FLOW OR LIQUID LEVEL; METERING BY VOLUME",Measuring the volume flow or mass flow of fluid or fluent solid material wherein the fluid passes through the meter in a continuous flow
G01F11,MEASURING; TESTING,"MEASURING VOLUME, VOLUME FLOW, MASS FLOW OR LIQUID LEVEL; METERING BY VOLUME",Apparatus requiring external operation and adapted at each repeated and indentical operation to measure and separate a predetermined volume of fluid or fluent solid material from a supply or container without regard to weight and to deliver it
G01F13,MEASURING; TESTING,"MEASURING VOLUME, VOLUME FLOW, MASS FLOW OR LIQUID LEVEL; METERING BY VOLUME","Apparatus for measuring by volume and delivering fluids or fluent solid materials, not provided for in the preceding groups"
G01F23,MEASURING; TESTING,"MEASURING VOLUME, VOLUME FLOW, MASS FLOW OR LIQUID LEVEL; METERING BY VOLUME","Indicating or measuring liquid level, or level of fluent solid material, e.g. indicating in terms of volume, indicating by means of an alarm"
G01G19,MEASURING; TESTING,WEIGHING,Weighing apparatus or methods adapted for special purposes not provided for in the preceding groups
G01H11,MEASURING; TESTING,"MEASUREMENT OF MECHANICAL VIBRATIONS OR ULTRASONIC, SONIC OR INFRASONIC WAVES","Measuring mechanical vibrations or ultrasonic, sonic or infrasonic waves by detecting changes in electric or magnetic properties, e.g. capacitance or reluctance"
G01H3,MEASURING; TESTING,"MEASUREMENT OF MECHANICAL VIBRATIONS OR ULTRASONIC, SONIC OR INFRASONIC WAVES",Measuring characteristics of vibrations by using a detector in a fluid
G01H9,MEASURING; TESTING,"MEASUREMENT OF MECHANICAL VIBRATIONS OR ULTRASONIC, SONIC OR INFRASONIC WAVES","Measuring mechanical vibrations or ultrasonic, sonic or infrasonic waves by using radiation-sensitive means, e.g. optical means"
G01J1,MEASURING; TESTING,"MEASUREMENT OF INTENSITY, VELOCITY, SPECTRAL CONTENT, POLARISATION, PHASE OR PULSE CHARACTERISTICS OF INFRA-RED, VISIBLE OR ULTRA-VIOLET LIGHT; COLORIMETRY; RADIATION PYROMETRY","Photometry, e.g. photographic exposure meter"
G01J2005,MEASURING; TESTING,"MEASUREMENT OF INTENSITY, VELOCITY, SPECTRAL CONTENT, POLARISATION, PHASE OR PULSE CHARACTERISTICS OF INFRA-RED, VISIBLE OR ULTRA-VIOLET LIGHT; COLORIMETRY; RADIATION PYROMETRY",Imaging
G01J3,MEASURING; TESTING,"MEASUREMENT OF INTENSITY, VELOCITY, SPECTRAL CONTENT, POLARISATION, PHASE OR PULSE CHARACTERISTICS OF INFRA-RED, VISIBLE OR ULTRA-VIOLET LIGHT; COLORIMETRY; RADIATION PYROMETRY",Spectrometry; Spectrophotometry; Monochromators; Measuring colour
G01J5,MEASURING; TESTING,"MEASUREMENT OF INTENSITY, VELOCITY, SPECTRAL CONTENT, POLARISATION, PHASE OR PULSE CHARACTERISTICS OF INFRA-RED, VISIBLE OR ULTRA-VIOLET LIGHT; COLORIMETRY; RADIATION PYROMETRY",Radiation pyrometry
G01K1,MEASURING; TESTING,MEASURING TEMPERATURE; MEASURING QUANTITY OF HEAT; THERMALLY-SENSITIVE ELEMENTS NOT OTHERWISE PROVIDED FOR,Details of thermometers not specially adapted for particular types of thermometer
G01K11,MEASURING; TESTING,MEASURING TEMPERATURE; MEASURING QUANTITY OF HEAT; THERMALLY-SENSITIVE ELEMENTS NOT OTHERWISE PROVIDED FOR,"Measuring temperature based upon physical or chemical changes not covered by groups G01K3/00, G01K5/00, G01K7/00 or G01K9/00"
G01K13,MEASURING; TESTING,MEASURING TEMPERATURE; MEASURING QUANTITY OF HEAT; THERMALLY-SENSITIVE ELEMENTS NOT OTHERWISE PROVIDED FOR,Adaptations of thermometers for specific purposes
G01K3,MEASURING; TESTING,MEASURING TEMPERATURE; MEASURING QUANTITY OF HEAT; THERMALLY-SENSITIVE ELEMENTS NOT OTHERWISE PROVIDED FOR,Thermometers giving results other than momentary value of temperature
G01K5,MEASURING; TESTING,MEASURING TEMPERATURE; MEASURING QUANTITY OF HEAT; THERMALLY-SENSITIVE ELEMENTS NOT OTHERWISE PROVIDED FOR,Measuring temperature based on the expansion or contraction of a material
G01K7,MEASURING; TESTING,MEASURING TEMPERATURE; MEASURING QUANTITY OF HEAT; THERMALLY-SENSITIVE ELEMENTS NOT OTHERWISE PROVIDED FOR,"Measuring temperature based on the use of electric or magnetic elements directly sensitive to heat ; Power supply, e.g. by thermoelectric elements"
G01L1,MEASURING; TESTING,"MEASURING FORCE, STRESS, TORQUE, WORK, MECHANICAL POWER, MECHANICAL EFFICIENCY, OR FLUID PRESSURE",Measuring force or stress in general
G01L11,MEASURING; TESTING,"MEASURING FORCE, STRESS, TORQUE, WORK, MECHANICAL POWER, MECHANICAL EFFICIENCY, OR FLUID PRESSURE",Measuring steady or quasi-steady pressure of a fluid or a fluent solid material by means not provided for in group G01L7/00 or G01L9/00
G01L19,MEASURING; TESTING,"MEASURING FORCE, STRESS, TORQUE, WORK, MECHANICAL POWER, MECHANICAL EFFICIENCY, OR FLUID PRESSURE","Details of, or accessories for, apparatus for measuring steady or quasi-steady pressure of a fluent medium insofar as such details or accessories are not special to particular types of pressure gauges"
G01L5,MEASURING; TESTING,"MEASURING FORCE, STRESS, TORQUE, WORK, MECHANICAL POWER, MECHANICAL EFFICIENCY, OR FLUID PRESSURE","Apparatus for, or methods of, measuring force, e.g. due to impact, work, mechanical power, or torque, adapted for special purposes"
G01L7,MEASURING; TESTING,"MEASURING FORCE, STRESS, TORQUE, WORK, MECHANICAL POWER, MECHANICAL EFFICIENCY, OR FLUID PRESSURE",Measuring the steady or quasi-steady pressure of a fluid or a fluent solid material by mechanical or fluid pressure-sensitive elements
G01L9,MEASURING; TESTING,"MEASURING FORCE, STRESS, TORQUE, WORK, MECHANICAL POWER, MECHANICAL EFFICIENCY, OR FLUID PRESSURE","Measuring steady or quasi-steady pressure of a fluid or a fluent solid material by electric or magnetic pressure-sensitive elements; Transmitting or indicating the displacement of mechanical pressure-sensitive elements, used to measure the steady or quasi-steady pressure of a fluid or fluent solid material by electric or magnetic means"
G01M11,MEASURING; TESTING,TESTING STATIC OR DYNAMIC BALANCE OF MACHINES OR STRUCTURES; TESTING STRUCTURES OR APPARATUS NOT OTHERWISE PROVIDED FOR,Testing of optical apparatus; Testing structures by optical methods not otherwise provided for
G01M3,MEASURING; TESTING,TESTING STATIC OR DYNAMIC BALANCE OF MACHINES OR STRUCTURES; TESTING STRUCTURES OR APPARATUS NOT OTHERWISE PROVIDED FOR,Investigating fluid-tightness of structures
G01M5,MEASURING; TESTING,TESTING STATIC OR DYNAMIC BALANCE OF MACHINES OR STRUCTURES; TESTING STRUCTURES OR APPARATUS NOT OTHERWISE PROVIDED FOR,"Investigating the elasticity of structures, e.g. deflection of bridges, air-craft wings"
G01M99,MEASURING; TESTING,TESTING STATIC OR DYNAMIC BALANCE OF MACHINES OR STRUCTURES; TESTING STRUCTURES OR APPARATUS NOT OTHERWISE PROVIDED FOR,Subject matter not provided for in other groups of this subclass
G01N13,MEASURING; TESTING,TESTING STATIC OR DYNAMIC BALANCE OF MACHINES OR STRUCTURES; TESTING STRUCTURES OR APPARATUS NOT OTHERWISE PROVIDED FOR,"Investigating surface or boundary effects, e.g. wetting power; Investigating diffusion effects; Analysing materials by determining surface, boundary, or diffusion effects"
G01N15,MEASURING; TESTING,TESTING STATIC OR DYNAMIC BALANCE OF MACHINES OR STRUCTURES; TESTING STRUCTURES OR APPARATUS NOT OTHERWISE PROVIDED FOR,Investigating individual particles
G01N21,MEASURING; TESTING,INVESTIGATING OR ANALYSING MATERIALS BY DETERMINING THEIR CHEMICAL OR PHYSICAL PROPERTIES,"Investigating or analysing materials by the use of optical means, i.e. using infra-red, visible or ultra-violet light"
G01N2223,MEASURING; TESTING,INVESTIGATING OR ANALYSING MATERIALS BY DETERMINING THEIR CHEMICAL OR PHYSICAL PROPERTIES,Investigating materials by wave or particle radiation
G01N2291,MEASURING; TESTING,INVESTIGATING OR ANALYSING MATERIALS BY DETERMINING THEIR CHEMICAL OR PHYSICAL PROPERTIES,Indexing codes associated with group G01N29/00
G01N23,MEASURING; TESTING,INVESTIGATING OR ANALYSING MATERIALS BY DETERMINING THEIR CHEMICAL OR PHYSICAL PROPERTIES,"Investigating or analysing materials by the use of wave or particle radiation not covered by G01N21/00 or G01N22/00, e.g. X-rays or neutrons"
G01N24,MEASURING; TESTING,INVESTIGATING OR ANALYSING MATERIALS BY DETERMINING THEIR CHEMICAL OR PHYSICAL PROPERTIES,"Investigating or analyzing materials by the use of nuclear magnetic resonance, electron paramagnetic resonance or other spin effects"
G01N27,MEASURING; TESTING,INVESTIGATING OR ANALYSING MATERIALS BY DETERMINING THEIR CHEMICAL OR PHYSICAL PROPERTIES,"Investigating or analysing materials by the use of electric, electro-chemical, or magnetic means by investigating magnetic variables"
G01N29,MEASURING; TESTING,INVESTIGATING OR ANALYSING MATERIALS BY DETERMINING THEIR CHEMICAL OR PHYSICAL PROPERTIES,"Investigating or analysing materials by the use of ultrasonic, sonic or infrasonic waves; Visualisation of the interior of objects by transmitting ultrasonic or sonic waves through the object"
G01N3,MEASURING; TESTING,INVESTIGATING OR ANALYSING MATERIALS BY DETERMINING THEIR CHEMICAL OR PHYSICAL PROPERTIES,Investigating strength properties of solid materials by application of mechanical stress
G01N33,MEASURING; TESTING,INVESTIGATING OR ANALYSING MATERIALS BY DETERMINING THEIR CHEMICAL OR PHYSICAL PROPERTIES,Investigating or analysing materials by specific methods not covered by the preceding groups
G01P1,MEASURING; TESTING,"MEASURING LINEAR OR ANGULAR SPEED, ACCELERATION, DECELERATION, OR SHOCK; INDICATING PRESENCE, ABSENCE, OR DIRECTION, OF MOVEMENT",Details of instruments
G01P13,MEASURING; TESTING,"MEASURING LINEAR OR ANGULAR SPEED, ACCELERATION, DECELERATION, OR SHOCK; INDICATING PRESENCE, ABSENCE, OR DIRECTION, OF MOVEMENT","Indicating or recording presence, absence, or direction, of movement"
G01P3,MEASURING; TESTING,"MEASURING LINEAR OR ANGULAR SPEED, ACCELERATION, DECELERATION, OR SHOCK; INDICATING PRESENCE, ABSENCE, OR DIRECTION, OF MOVEMENT",Measuring linear or angular speed; Measuring differences of linear or angular speeds
G01P5,MEASURING; TESTING,"MEASURING LINEAR OR ANGULAR SPEED, ACCELERATION, DECELERATION, OR SHOCK; INDICATING PRESENCE, ABSENCE, OR DIRECTION, OF MOVEMENT","Measuring speed of fluids, e.g. of air stream; Measuring speed of bodies relative to fluids, e.g. of ship, of aircraft"
G01R13,MEASURING; TESTING,MEASURING ELECTRIC VARIABLES; MEASURING MAGNETIC VARIABLES,Arrangements for displaying electric variables or waveforms
G01R17,MEASURING; TESTING,MEASURING ELECTRIC VARIABLES; MEASURING MAGNETIC VARIABLES,"Measuring arrangements involving comparison with a reference value, e.g. bridge"
G01R19,MEASURING; TESTING,MEASURING ELECTRIC VARIABLES; MEASURING MAGNETIC VARIABLES,Arrangements for measuring currents or voltages or for indicating presence or sign thereof
G01R23,MEASURING; TESTING,MEASURING ELECTRIC VARIABLES; MEASURING MAGNETIC VARIABLES,Arrangements for measuring frequencies; Arrangements for analysing frequency spectra
G01R31,MEASURING; TESTING,MEASURING ELECTRIC VARIABLES; MEASURING MAGNETIC VARIABLES,Arrangements for testing electric properties; Arrangements for locating electric faults; Arrangements for electrical testing characterised by what is being tested not provided for elsewhere
G01R33,MEASURING; TESTING,MEASURING ELECTRIC VARIABLES; MEASURING MAGNETIC VARIABLES,Arrangements or instruments for measuring magnetic variables
G01S1,MEASURING; TESTING,RADIO DIRECTION-FINDING; RADIO NAVIGATION; DETERMINING DISTANCE OR VELOCITY BY USE OF RADIO WAVES; LOCATING OR PRESENCE-DETECTING BY USE OF THE REFLECTION OR RERADIATION OF RADIO WAVES; ANALOGOUS ARRANGEMENTS USING OTHER WAVES,"Beacons or beacon systems transmitting signals having a characteristic or characteristics capable of being detected by non-directional receivers and defining directions, positions, or position lines fixed relatively to the beacon transmitters; Receivers co-operating therewith"
G01S11,MEASURING; TESTING,RADIO DIRECTION-FINDING; RADIO NAVIGATION; DETERMINING DISTANCE OR VELOCITY BY USE OF RADIO WAVES; LOCATING OR PRESENCE-DETECTING BY USE OF THE REFLECTION OR RERADIATION OF RADIO WAVES; ANALOGOUS ARRANGEMENTS USING OTHER WAVES,Systems for determining distance or velocity not using reflection or reradiation
G01S13,MEASURING; TESTING,RADIO DIRECTION-FINDING; RADIO NAVIGATION; DETERMINING DISTANCE OR VELOCITY BY USE OF RADIO WAVES; LOCATING OR PRESENCE-DETECTING BY USE OF THE REFLECTION OR RERADIATION OF RADIO WAVES; ANALOGOUS ARRANGEMENTS USING OTHER WAVES,"Systems using the reflection or reradiation of radio waves, e.g. radar systems; Analogous systems using reflection or reradiation of waves whose nature or wavelength is irrelevant or unspecified"
G01S15,MEASURING; TESTING,RADIO DIRECTION-FINDING; RADIO NAVIGATION; DETERMINING DISTANCE OR VELOCITY BY USE OF RADIO WAVES; LOCATING OR PRESENCE-DETECTING BY USE OF THE REFLECTION OR RERADIATION OF RADIO WAVES; ANALOGOUS ARRANGEMENTS USING OTHER WAVES,"Systems using the reflection or reradiation of acoustic waves, e.g. sonar systems"
G01S17,MEASURING; TESTING,RADIO DIRECTION-FINDING; RADIO NAVIGATION; DETERMINING DISTANCE OR VELOCITY BY USE OF RADIO WAVES; LOCATING OR PRESENCE-DETECTING BY USE OF THE REFLECTION OR RERADIATION OF RADIO WAVES; ANALOGOUS ARRANGEMENTS USING OTHER WAVES,"Systems using the reflection or reradiation of electromagnetic waves other than radio waves, e.g. lidar systems"
G01S3,MEASURING; TESTING,RADIO DIRECTION-FINDING; RADIO NAVIGATION; DETERMINING DISTANCE OR VELOCITY BY USE OF RADIO WAVES; LOCATING OR PRESENCE-DETECTING BY USE OF THE REFLECTION OR RERADIATION OF RADIO WAVES; ANALOGOUS ARRANGEMENTS USING OTHER WAVES,"Direction-finders for determining the direction from which infrasonic, sonic, ultrasonic, or electromagnetic waves, or particle emission, not having a directional significance, are being received"
G01S5,MEASURING; TESTING,RADIO DIRECTION-FINDING; RADIO NAVIGATION; DETERMINING DISTANCE OR VELOCITY BY USE OF RADIO WAVES; LOCATING OR PRESENCE-DETECTING BY USE OF THE REFLECTION OR RERADIATION OF RADIO WAVES; ANALOGOUS ARRANGEMENTS USING OTHER WAVES,Position-fixing by co-ordinating two or more direction or position line determinations; Position-fixing by co-ordinating two or more distance determinations
G01S7,MEASURING; TESTING,RADIO DIRECTION-FINDING; RADIO NAVIGATION; DETERMINING DISTANCE OR VELOCITY BY USE OF RADIO WAVES; LOCATING OR PRESENCE-DETECTING BY USE OF THE REFLECTION OR RERADIATION OF RADIO WAVES; ANALOGOUS ARRANGEMENTS USING OTHER WAVES,"Details of systems according to groups G01S13/00, G01S15/00, G01S17/00"
G01T1,MEASURING; TESTING,MEASUREMENT OF NUCLEAR OR X-RADIATION,"Measuring X-radiation, gamma radiation, corpuscular radiation, or cosmic radiation"
G01V1,MEASURING; TESTING,GEOPHYSICS; GRAVITATIONAL MEASUREMENTS; DETECTING MASSES OR OBJECTS,Seismology; Seismic or acoustic prospecting or detecting
G01V3,MEASURING; TESTING,GEOPHYSICS; GRAVITATIONAL MEASUREMENTS; DETECTING MASSES OR OBJECTS,"Electric or magnetic prospecting or detecting; Measuring magnetic field characteristics of the earth, e.g. declination, deviation"
G02B13,OPTICS,"OPTICAL ELEMENTS, SYSTEMS, OR APPARATUS",Optical objectives specially designed for the purposes specified below
G02B19,OPTICS,"OPTICAL ELEMENTS, SYSTEMS, OR APPARATUS","Condensers,e.g. light collectors or similar non-imaging optics"
G02B2006,OPTICS,"OPTICAL ELEMENTS, SYSTEMS, OR APPARATUS","Coupling light guides with opto-electronic elements coupling with sources of high radiant energy, e.g. high power lasers, high temperature light sources having protection means, e.g. protecting humans against accidental exposure to harmful laser radiation"
G02B2027,OPTICS,"OPTICAL ELEMENTS, SYSTEMS, OR APPARATUS",Other optical systems; Other optical apparatus
G02B21,OPTICS,"OPTICAL ELEMENTS, SYSTEMS, OR APPARATUS",Microscopes
G02B23,OPTICS,"OPTICAL ELEMENTS, SYSTEMS, OR APPARATUS","Telescopes, e.g. binoculars; Periscopes; Instruments for viewing the inside of hollow bodies; Viewfinders; Optical aiming or sighting devices"
G02B26,OPTICS,"OPTICAL ELEMENTS, SYSTEMS, OR APPARATUS","Optical devices or arrangements using movable or deformable optical elements for controlling the intensity, colour, phase, polarisation or direction of light, e.g. switching, gating, modulating"
G02B27,OPTICS,"OPTICAL ELEMENTS, SYSTEMS, OR APPARATUS",Other optical systems; Other optical apparatus
G02B5,OPTICS,"OPTICAL ELEMENTS, SYSTEMS, OR APPARATUS",Optical elements other than lenses
G02B6,OPTICS,"OPTICAL ELEMENTS, SYSTEMS, OR APPARATUS",Light guides
G02B7,OPTICS,"OPTICAL ELEMENTS, SYSTEMS, OR APPARATUS","Mountings, adjusting means, or light-tight connections, for optical elements"
G02F1,OPTICS,"DEVICES OR ARRANGEMENTS, THE OPTICAL OPERATION OF WHICH IS MODIFIED BY CHANGING THE OPTICAL PROPERTIES OF THE MEDIUM OF THE DEVICES OR ARRANGEMENTS FOR THE CONTROL OF THE INTENSITY, COLOUR, PHASE, POLARISATION OR DIRECTION OF LIGHT, e.g. SWITCHING, GATING, MODULATING OR DEMODULATING; TECHNIQUES OR PROCEDURES FOR THE OPERATION THEREOF; FREQUENCY-CHANGING; NON-LINEAR OPTICS; OPTICAL LOGIC ELEMENTS; OPTICAL ANALOGUE/DIGITAL CONVERTERS","Devices or arrangements for the control of the intensity, colour, phase, polarisation or direction of light arriving from an independent light source, e.g. switching, gating, or modulating; Non-linear optics"
G02F2,OPTICS,"DEVICES OR ARRANGEMENTS, THE OPTICAL OPERATION OF WHICH IS MODIFIED BY CHANGING THE OPTICAL PROPERTIES OF THE MEDIUM OF THE DEVICES OR ARRANGEMENTS FOR THE CONTROL OF THE INTENSITY, COLOUR, PHASE, POLARISATION OR DIRECTION OF LIGHT, e.g. SWITCHING, GATING, MODULATING OR DEMODULATING; TECHNIQUES OR PROCEDURES FOR THE OPERATION THEREOF; FREQUENCY-CHANGING; NON-LINEAR OPTICS; OPTICAL LOGIC ELEMENTS; OPTICAL ANALOGUE/DIGITAL CONVERTERS",Demodulating light; Transferring the modulation of modulated light; Frequency-changing of light
G03B17,PHOTOGRAPHY; CINEMATOGRAPHY; ELECTROGRAPHY; HOLOGRAPHY,APPARATUS OR ARRANGEMENTS FOR TAKING PHOTOGRAPHS OR FOR PROJECTING OR VIEWING THEM; APPARATUS OR ARRANGEMENTS EMPLOYING ANALOGOUS TECHNIQUES USING WAVES OTHER THAN OPTICAL WAVES; ACCESSORIES THEREFOR,Details of cameras or camera bodies; Accessories therefor
G03B19,PHOTOGRAPHY; CINEMATOGRAPHY; ELECTROGRAPHY; HOLOGRAPHY,APPARATUS OR ARRANGEMENTS FOR TAKING PHOTOGRAPHS OR FOR PROJECTING OR VIEWING THEM; APPARATUS OR ARRANGEMENTS EMPLOYING ANALOGOUS TECHNIQUES USING WAVES OTHER THAN OPTICAL WAVES; ACCESSORIES THEREFOR,Cameras
G03B2217,PHOTOGRAPHY; CINEMATOGRAPHY; ELECTROGRAPHY; HOLOGRAPHY,APPARATUS OR ARRANGEMENTS FOR TAKING PHOTOGRAPHS OR FOR PROJECTING OR VIEWING THEM; APPARATUS OR ARRANGEMENTS EMPLOYING ANALOGOUS TECHNIQUES USING WAVES OTHER THAN OPTICAL WAVES; ACCESSORIES THEREFOR,Details of cameras or camera bodies; Accessories therefor
G03B27,PHOTOGRAPHY; CINEMATOGRAPHY; ELECTROGRAPHY; HOLOGRAPHY,APPARATUS OR ARRANGEMENTS FOR TAKING PHOTOGRAPHS OR FOR PROJECTING OR VIEWING THEM; APPARATUS OR ARRANGEMENTS EMPLOYING ANALOGOUS TECHNIQUES USING WAVES OTHER THAN OPTICAL WAVES; ACCESSORIES THEREFOR,Photographic printing apparatus
G03B3,PHOTOGRAPHY; CINEMATOGRAPHY; ELECTROGRAPHY; HOLOGRAPHY,APPARATUS OR ARRANGEMENTS FOR TAKING PHOTOGRAPHS OR FOR PROJECTING OR VIEWING THEM; APPARATUS OR ARRANGEMENTS EMPLOYING ANALOGOUS TECHNIQUES USING WAVES OTHER THAN OPTICAL WAVES; ACCESSORIES THEREFOR,Focusing arrangements
G03B42,PHOTOGRAPHY; CINEMATOGRAPHY; ELECTROGRAPHY; HOLOGRAPHY,APPARATUS OR ARRANGEMENTS FOR TAKING PHOTOGRAPHS OR FOR PROJECTING OR VIEWING THEM; APPARATUS OR ARRANGEMENTS EMPLOYING ANALOGOUS TECHNIQUES USING WAVES OTHER THAN OPTICAL WAVES; ACCESSORIES THEREFOR,Obtaining records using waves other than optical waves; Visualisation of such records by using optical means
G03B7,PHOTOGRAPHY; CINEMATOGRAPHY; ELECTROGRAPHY; HOLOGRAPHY,APPARATUS OR ARRANGEMENTS FOR TAKING PHOTOGRAPHS OR FOR PROJECTING OR VIEWING THEM; APPARATUS OR ARRANGEMENTS EMPLOYING ANALOGOUS TECHNIQUES USING WAVES OTHER THAN OPTICAL WAVES; ACCESSORIES THEREFOR,Details common to cameras
G03B9,PHOTOGRAPHY; CINEMATOGRAPHY; ELECTROGRAPHY; HOLOGRAPHY,APPARATUS OR ARRANGEMENTS FOR TAKING PHOTOGRAPHS OR FOR PROJECTING OR VIEWING THEM; APPARATUS OR ARRANGEMENTS EMPLOYING ANALOGOUS TECHNIQUES USING WAVES OTHER THAN OPTICAL WAVES; ACCESSORIES THEREFOR,Exposure-making shutters; Diaphragms
G03D15,PHOTOGRAPHY; CINEMATOGRAPHY; ELECTROGRAPHY; HOLOGRAPHY,APPARATUS FOR PROCESSING EXPOSED PHOTOGRAPHIC MATERIALS; ACCESSORIES THEREFOR,Apparatus for treating processed material
G03F7,PHOTOGRAPHY; CINEMATOGRAPHY; ELECTROGRAPHY; HOLOGRAPHY,"PHOTOMECHANICAL PRODUCTION OF TEXTURED OR PATTERNED SURFACES, e.g. FOR PRINTING, FOR PROCESSING OF SEMICONDUCTOR DEVICES; MATERIALS THEREFOR; ORIGINALS THEREFOR; APPARATUS SPECIALLY ADAPTED THEREFOR;","Photomechanical, e.g. photolithographic, production of textured or patterned surfaces, e.g. printing surfaces; Materials therefor, e.g. comprising photoresists; Apparatus specially adapted therefor"
G03F9,PHOTOGRAPHY; CINEMATOGRAPHY; ELECTROGRAPHY; HOLOGRAPHY,"PHOTOMECHANICAL PRODUCTION OF TEXTURED OR PATTERNED SURFACES, e.g. FOR PRINTING, FOR PROCESSING OF SEMICONDUCTOR DEVICES; MATERIALS THEREFOR; ORIGINALS THEREFOR; APPARATUS SPECIALLY ADAPTED THEREFOR;","Registration or positioning of originals, masks, frames, photographic sheets or textured or patterned surfaces, e.g. automatically"
G03G15,PHOTOGRAPHY; CINEMATOGRAPHY; ELECTROGRAPHY; HOLOGRAPHY,ELECTROGRAPHY; ELECTROPHOTOGRAPHY; MAGNETOGRAPHY,Apparatus for electrographic processes using a charge pattern
G03H1,PHOTOGRAPHY; CINEMATOGRAPHY; ELECTROGRAPHY; HOLOGRAPHY,HOLOGRAPHIC PROCESSES OR APPARATUS,"Holographic processes or apparatus using light, infra-red or ultra-violet waves for obtaining holograms or for obtaining an image from them; Details peculiar thereto"
G03H2001,PHOTOGRAPHY; CINEMATOGRAPHY; ELECTROGRAPHY; HOLOGRAPHY,HOLOGRAPHIC PROCESSES OR APPARATUS,"Time multiplexing, i.e. consecutive records wherein the period between records is pertinent per se"
G03H2222,PHOTOGRAPHY; CINEMATOGRAPHY; ELECTROGRAPHY; HOLOGRAPHY,HOLOGRAPHIC PROCESSES OR APPARATUS,Light sources or light beam properties
G03H3,PHOTOGRAPHY; CINEMATOGRAPHY; ELECTROGRAPHY; HOLOGRAPHY,HOLOGRAPHIC PROCESSES OR APPARATUS,"Holographic processes or apparatus using ultrasonic, sonic or infrasonic waves for obtaining holograms; Processes or apparatus for obtaining an optical image from them"
G03H3,PHOTOGRAPHY; CINEMATOGRAPHY; ELECTROGRAPHY; HOLOGRAPHY,HOLOGRAPHIC PROCESSES OR APPARATUS,"Holographic processes or apparatus using ultrasonic, sonic or infrasonic waves for obtaining holograms; Processes or apparatus for obtaining an optical image from them"
G03H5,PHOTOGRAPHY; CINEMATOGRAPHY; ELECTROGRAPHY; HOLOGRAPHY,HOLOGRAPHIC PROCESSES OR APPARATUS,Holographic processes or apparatus using particles or using waves other than those covered by groups G03H1/00 or G03H3/00 for obtaining holograms; Processes or apparatus for obtaining an optical image from them
G04B47,HOROLOGY,"MECHANICALLY-DRIVEN CLOCKS OR WATCHES; MECHANICAL PARTS OF CLOCKS OR WATCHES IN GENERAL; TIME PIECES USING THE POSITION OF THE SUN, MOON OR STARS",Time-pieces combined with other articles which do not interfere with the running or the time-keeping of the time-piece
G04F10,HOROLOGY,TIME-INTERVAL MEASURING,"Apparatus which can be set and started to measure-off predetermined or adjustably-fixed time intervals without driving mechanisms, e.g. egg timer"
G04G21,HOROLOGY,ELECTRONIC TIME-PIECES,"Detectors of external physical values, e.g. temperature for measuring physiological data"
G04G5,HOROLOGY,ELECTRONIC TIME-PIECES,"Setting, i.e. correcting or changing, the time-indication"
G04G9,HOROLOGY,ELECTRONIC TIME-PIECES,Visual time or date indication means
G05B19,CONTROLLING; REGULATING,CONTROL OR REGULATING SYSTEMS IN GENERAL; FUNCTIONAL ELEMENTS OF SUCH SYSTEMS; MONITORING OR TESTING ARRANGEMENTS FOR SUCH SYSTEMS OR ELEMENTS,Programme-control systems
G05B2219,CONTROLLING; REGULATING,CONTROL OR REGULATING SYSTEMS IN GENERAL; FUNCTIONAL ELEMENTS OF SUCH SYSTEMS; MONITORING OR TESTING ARRANGEMENTS FOR SUCH SYSTEMS OR ELEMENTS,Program-control systems
G05D23,CONTROLLING; REGULATING,SYSTEMS FOR CONTROLLING OR REGULATING NON-ELECTRIC VARIABLES,Control of temperature
G05D3,CONTROLLING; REGULATING,SYSTEMS FOR CONTROLLING OR REGULATING NON-ELECTRIC VARIABLES,Control of position or direction
G05D7,CONTROLLING; REGULATING,SYSTEMS FOR CONTROLLING OR REGULATING NON-ELECTRIC VARIABLES,Control of flow
G05F1,CONTROLLING; REGULATING,SYSTEMS FOR REGULATING ELECTRIC OR MAGNETIC VARIABLES,"Automatic systems in which deviations of an electric quantity from one or more predetermined values are detected at the output of the system and fed back to a device within the system to restore the detected quantity to its predetermined value or values, i.e. retroactive systems"
G06E3,COMPUTING; CALCULATING; COUNTING,OPTICAL COMPUTING DEVICES; COMPUTING DEVICES USING OTHER RADIATIONS WITH SIMILAR PROPERTIES,"Devices not provided for in group G06E1/00, e.g. for processing analogue or hybrid data"
G06F12,COMPUTING; CALCULATING; COUNTING,ELECTRICAL DIGITAL DATA PROCESSING,"Accessing, addressing or allocating within memory systems or architectures"
G06F13,COMPUTING; CALCULATING; COUNTING,ELECTRICAL DIGITAL DATA PROCESSING,"Interconnection of, or transfer of information or other signals between, memories, input/output devices or central processing units"
G06F15,COMPUTING; CALCULATING; COUNTING,ELECTRICAL DIGITAL DATA PROCESSING,Digital computers in general; Data processing equipment in general
G06F17,COMPUTING; CALCULATING; COUNTING,ELECTRICAL DIGITAL DATA PROCESSING,"Digital computing or data processing equipment or methods, specially adapted for specific functions"
G06F19,COMPUTING; CALCULATING; COUNTING,ELECTRICAL DIGITAL DATA PROCESSING,"Digital computing or data processing equipment or methods, specially adapted for specific applications"
G06F19,COMPUTING; CALCULATING; COUNTING,ELECTRICAL DIGITAL DATA PROCESSING,"Digital computing or data processing equipment or methods, specially adapted for specific applications"
G06F3,COMPUTING; CALCULATING; COUNTING,ELECTRICAL DIGITAL DATA PROCESSING,"Input arrangements for transferring data to be processed into a form capable of being handled by the computer; Output arrangements for transferring data from processing unit to output unit, e.g. interface arrangements"
G06F5,COMPUTING; CALCULATING; COUNTING,ELECTRICAL DIGITAL DATA PROCESSING,Methods or arrangements for data conversion without changing the order or content of the data handled
G06F7,COMPUTING; CALCULATING; COUNTING,ELECTRICAL DIGITAL DATA PROCESSING,Methods or arrangements for processing data by operating upon the order or content of the data handled
G06F9,COMPUTING; CALCULATING; COUNTING,ELECTRICAL DIGITAL DATA PROCESSING,"Arrangements for programme control, e.g. control unit"
G06G7,COMPUTING; CALCULATING; COUNTING,ANALOGUE COMPUTERS,Devices in which the computing operation is performed by varying electric or magnetic quantities
G06J1,COMPUTING; CALCULATING; COUNTING,HYBRID COMPUTING ARRANGEMENTS,Hybrid computing arrangements
G06K17,COMPUTING; CALCULATING; COUNTING,RECOGNITION OF DATA; PRESENTATION OF DATA; RECORD CARRIERS; HANDLING RECORD CARRIERS,"Methods or arrangements for effecting co-operative working between equipments covered by two or more of the preceding main groups, e.g. automatic card files incorporating conveying and reading operations"
G06K9,COMPUTING; CALCULATING; COUNTING,RECOGNITION OF DATA; PRESENTATION OF DATA; RECORD CARRIERS; HANDLING RECORD CARRIERS,"Methods or arrangements for reading or recognising printed or written characters or for recognising patterns, e.g. fingerprints"
G06M11,COMPUTING; CALCULATING; COUNTING,COUNTING MECHANISMS; COUNTING OF OBJECTS NOT OTHERWISE PROVIDED FOR,"Counting of objects distributed at random, e.g. on a surface"
G06T1,COMPUTING; CALCULATING; COUNTING,"IMAGE DATA PROCESSING OR GENERATION, IN GENERAL",General purpose image data processing
G06T11,COMPUTING; CALCULATING; COUNTING,"IMAGE DATA PROCESSING OR GENERATION, IN GENERAL",2D [Two Dimensional] image generation
G06T15,COMPUTING; CALCULATING; COUNTING,"IMAGE DATA PROCESSING OR GENERATION, IN GENERAL",3D [Three Dimensional] image rendering
G06T2207,COMPUTING; CALCULATING; COUNTING,"IMAGE DATA PROCESSING OR GENERATION, IN GENERAL",Indexing scheme for image analysis or image enhancement
G06T2211,COMPUTING; CALCULATING; COUNTING,"IMAGE DATA PROCESSING OR GENERATION, IN GENERAL",Image generation
G06T3,COMPUTING; CALCULATING; COUNTING,"IMAGE DATA PROCESSING OR GENERATION, IN GENERAL","Geometric image transformation in the plane of the image, e.g. from bit-mapped to bit-mapped creating a different image"
G06T7,COMPUTING; CALCULATING; COUNTING,"IMAGE DATA PROCESSING OR GENERATION, IN GENERAL","Image analysis, e.g. from bit-mapped to non bit-mapped"
G07C1,CHECKING-DEVICES,"TIME OR ATTENDANCE REGISTERS; REGISTERING OR INDICATING THE WORKING OF MACHINES; GENERATING RANDOM NUMBERS; VOTING OR LOTTERY APPARATUS; ARRANGEMENTS, SYSTEMS OR APPARATUS FOR CHECKING NOT PROVIDED FOR ELSEWHERE","Registering, indicating or recording the time of events or elapsed time, e.g. time-recorders for work people"
G07C3,CHECKING-DEVICES,"TIME OR ATTENDANCE REGISTERS; REGISTERING OR INDICATING THE WORKING OF MACHINES; GENERATING RANDOM NUMBERS; VOTING OR LOTTERY APPARATUS; ARRANGEMENTS, SYSTEMS OR APPARATUS FOR CHECKING NOT PROVIDED FOR ELSEWHERE","Registering or indicating the condition or the working of machines or other apparatus, other than vehicles"
G07C9,CHECKING-DEVICES,"TIME OR ATTENDANCE REGISTERS; REGISTERING OR INDICATING THE WORKING OF MACHINES; GENERATING RANDOM NUMBERS; VOTING OR LOTTERY APPARATUS; ARRANGEMENTS, SYSTEMS OR APPARATUS FOR CHECKING NOT PROVIDED FOR ELSEWHERE",Individual entry or exit registers
G07F17,CHECKING-DEVICES,COIN-FREED OR LIKE APPARATUS,Coin-freed apparatus for hiring articles; Coin-freed facilities or services
G08B13,SIGNALLING,SIGNALLING OR CALLING SYSTEMS; ORDER TELEGRAPHS; ALARM SYSTEMS,"Burglar, theft, or intruder alarms"
G08B23,SIGNALLING,SIGNALLING OR CALLING SYSTEMS; ORDER TELEGRAPHS; ALARM SYSTEMS,Alarms responsive to unspecified undesired or abnormal conditions
G08B25,SIGNALLING,SIGNALLING OR CALLING SYSTEMS; ORDER TELEGRAPHS; ALARM SYSTEMS,"Alarm systems in which the location of the alarm condition is signalled to a central station, e.g. fire or police telegraphic systems"
G08B3,SIGNALLING,SIGNALLING OR CALLING SYSTEMS; ORDER TELEGRAPHS; ALARM SYSTEMS,Audible signalling systems; Audible personal calling systems
G08G1,SIGNALLING,TRAFFIC CONTROL SYSTEMS,Traffic control systems for road vehicles
G08G5,SIGNALLING,TRAFFIC CONTROL SYSTEMS,"Traffic control systems for aircraft, e.g. air-traffic control [ATC]"
G09B21,EDUCATION; CRYPTOGRAPHY; DISPLAY; ADVERTISING; SEALS,"EDUCATIONAL OR DEMONSTRATION APPLIANCES; APPLIANCES FOR TEACHING, OR COMMUNICATING WITH, THE BLIND, DEAF OR MUTE; MODELS; PLANETARIA; GLOBES; MAPS; DIAGRAMS","Teaching, or communicating with, the blind, deaf or mute"
G09F,EDUCATION; CRYPTOGRAPHY; DISPLAY; ADVERTISING; SEALS,DISPLAYING; ADVERTISING; SIGNS; LABELS OR NAME-PLATES; SEALS,"Labels, tag tickets, or similar identification or indication means; Seals; Postage or like stamps"
G09F9,EDUCATION; CRYPTOGRAPHY; DISPLAY; ADVERTISING; SEALS,DISPLAYING; ADVERTISING; SIGNS; LABELS OR NAME-PLATES; SEALS,Indicating arrangements for variable information in which the information is built-up on a support by selection or combination of individual elements
G09G1,EDUCATION; CRYPTOGRAPHY; DISPLAY; ADVERTISING; SEALS,ARRANGEMENTS OR CIRCUITS FOR CONTROL OF INDICATING DEVICES USING STATIC MEANS TO PRESENT VARIABLE INFORMATION,"Control arrangements or circuits, of interest only in connection with cathode-ray tube indicators; General aspects or details, e.g. selection emphasis on particular characters, dashed line or dotted line generation; Preprocessing of data"
G09G2320,EDUCATION; CRYPTOGRAPHY; DISPLAY; ADVERTISING; SEALS,ARRANGEMENTS OR CIRCUITS FOR CONTROL OF INDICATING DEVICES USING STATIC MEANS TO PRESENT VARIABLE INFORMATION,Control of display operating conditions
G09G3,EDUCATION; CRYPTOGRAPHY; DISPLAY; ADVERTISING; SEALS,ARRANGEMENTS OR CIRCUITS FOR CONTROL OF INDICATING DEVICES USING STATIC MEANS TO PRESENT VARIABLE INFORMATION,"Control arrangements or circuits, of interest only in connection with visual indicators other than cathode-ray tubes"
G09G5,EDUCATION; CRYPTOGRAPHY; DISPLAY; ADVERTISING; SEALS,ARRANGEMENTS OR CIRCUITS FOR CONTROL OF INDICATING DEVICES USING STATIC MEANS TO PRESENT VARIABLE INFORMATION,Cursor circuits
G10K11,MUSICAL INSTRUMENTS; ACOUSTICS,SOUND-PRODUCING DEVICES; ACOUSTICS NOT OTHERWISE PROVIDED FOR,"Methods or devices for transmitting, conducting or directing sound in general; Methods or devices for protecting against, or for damping, noise or other acoustic waves in general"
G10K15,MUSICAL INSTRUMENTS; ACOUSTICS,SOUND-PRODUCING DEVICES; ACOUSTICS NOT OTHERWISE PROVIDED FOR,Acoustics not otherwise provided for
G10L21,MUSICAL INSTRUMENTS; ACOUSTICS,SPEECH ANALYSIS OR SYNTHESIS; SPEECH RECOGNITION; SPEECH OR VOICE PROCESSING; SPEECH OR AUDIO CODING OR DECODING,"Processing of the speech or voice signal to produce another audible or non-audible signal, e.g. visual or tactile, in order to modify its quality or its intelligibility"
G11B20,INFORMATION STORAGE,INFORMATION STORAGE BASED ON RELATIVE MOVEMENT BETWEEN RECORD CARRIER AND TRANSDUCER,Signal processing not specific to the method of recording or reproducing; Circuits therefor
G11C11,INFORMATION STORAGE,STATIC STORES,Digital stores characterised by the use of particular electric or magnetic storage elements; Storage elements therefor
G11C13,INFORMATION STORAGE,STATIC STORES,"Digital stores characterised by the use of storage elements not covered by groups G11C11/00, G11C23/00 to G11C25/00"
G11C15,INFORMATION STORAGE,STATIC STORES,"Digital stores in which information comprising one or more characteristic parts is written into the store and in which information is read-out by searching for one or more of these characteristic parts, i.e. associative or content-addressed stores"
G12B17,INSTRUMENT DETAILS,"CONSTRUCTIONAL DETAILS OF INSTRUMENTS, OR COMPARABLE DETAILS OF OTHER APPARATUS, NOT OTHERWISE PROVIDED FOR",Screening
G21C17,NUCLEAR PHYSICS; NUCLEAR ENGINEERING,NUCLEAR REACTORS,Monitoring; Testing ; Maintaining
G21H5,NUCLEAR PHYSICS; NUCLEAR ENGINEERING,OBTAINING ENERGY FROM RADIOACTIVE SOURCES; APPLICATIONS OF RADIATION FROM RADIOACTIVE SOURCES; UTILISING COSMIC RADIATION,Applications of radiation from radioactive sources or arrangements therefor
G21J5,NUCLEAR PHYSICS; NUCLEAR ENGINEERING,NUCLEAR EXPLOSIVES; APPLICATIONS THEREOF,Detection arrangements for nuclear explosions
G21K1,NUCLEAR PHYSICS; NUCLEAR ENGINEERING,TECHNIQUES FOR HANDLING PARTICLES OR IONISING RADIATION NOT OTHERWISE PROVIDED FOR; IRRADIATION DEVICES; GAMMA RAY OR X-RAY MICROSCOPES,"Arrangements for handling particles or ionizing radiation, e.g. focusing or moderating"
G21K4,NUCLEAR PHYSICS; NUCLEAR ENGINEERING,TECHNIQUES FOR HANDLING PARTICLES OR IONISING RADIATION NOT OTHERWISE PROVIDED FOR; IRRADIATION DEVICES; GAMMA RAY OR X-RAY MICROSCOPES,"Conversion screens for the conversion of the spatial distribution of X-rays or particle radiation into visible images, e.g. fluoroscopic screens"
G21K5,NUCLEAR PHYSICS; NUCLEAR ENGINEERING,TECHNIQUES FOR HANDLING PARTICLES OR IONISING RADIATION NOT OTHERWISE PROVIDED FOR; IRRADIATION DEVICES; GAMMA RAY OR X-RAY MICROSCOPES,Irradiation devices
H01C7,BASIC ELECTRIC ELEMENTS,RESISTORS,Non-adjustable resistors formed as one or more layers or coatings; Non-adjustable resistors made from powdered conducting material or powdered semi-conducting material with or without insulating material
H01F7,BASIC ELECTRIC ELEMENTS,MAGNETS; INDUCTANCES; TRANSFORMERS; SELECTION OF MATERIALS FOR THEIR MAGNETIC PROPERTIES,Magnets
H01H36,BASIC ELECTRIC ELEMENTS,ELECTRIC SWITCHES; RELAYS; SELECTORS; EMERGENCY PROTECTIVE DEVICES,"Switches actuated by change of magnetic field or of electric field, e.g. by change of relative position of magnet and switch, by shielding"
H01J2231,BASIC ELECTRIC ELEMENTS,ELECTRIC DISCHARGE TUBES OR DISCHARGE LAMPS,Cathode ray tubes or electron beam tubes
H01J23,BASIC ELECTRIC ELEMENTS,ELECTRIC DISCHARGE TUBES OR DISCHARGE LAMPS,Details of transit-time tubes of the types covered by group H01J25/00
H01J29,BASIC ELECTRIC ELEMENTS,ELECTRIC DISCHARGE TUBES OR DISCHARGE LAMPS,Details of cathode-ray tubes or of electron-beam tubes of the types covered by group H01J31/00
H01J31,BASIC ELECTRIC ELEMENTS,ELECTRIC DISCHARGE TUBES OR DISCHARGE LAMPS,Cathode ray tubes; Electron beam tubes
H01J43,BASIC ELECTRIC ELEMENTS,ELECTRIC DISCHARGE TUBES OR DISCHARGE LAMPS,Secondary-emission tubes; Electron-multiplier tubes
H01J47,BASIC ELECTRIC ELEMENTS,ELECTRIC DISCHARGE TUBES OR DISCHARGE LAMPS,"Tubes for determining the presence, intensity, density or energy of radiation or particles"
H01L21,BASIC ELECTRIC ELEMENTS,SEMICONDUCTOR DEVICES; ELECTRIC SOLID STATE DEVICES NOT OTHERWISE PROVIDED FOR,Processes or apparatus adapted for the manufacture or treatment of semiconductor or solid state devices or of parts thereof
H01L27,BASIC ELECTRIC ELEMENTS,SEMICONDUCTOR DEVICES; ELECTRIC SOLID STATE DEVICES NOT OTHERWISE PROVIDED FOR,Devices consisting of a plurality of semiconductor or other solid state components formed in or on a common substrate
H01M10,BASIC ELECTRIC ELEMENTS,"PROCESSES OR MEANS, e.g. BATTERIES, FOR THE DIRECT CONVERSION OF CHEMICAL INTO ELECTRICAL ENERGY",Secondary cells; Manufacture thereof
H01M2,BASIC ELECTRIC ELEMENTS,"PROCESSES OR MEANS, e.g. BATTERIES, FOR THE DIRECT CONVERSION OF CHEMICAL INTO ELECTRICAL ENERGY",Constructional details or processes of manufacture of the non-active parts
H01M8,BASIC ELECTRIC ELEMENTS,"PROCESSES OR MEANS, e.g. BATTERIES, FOR THE DIRECT CONVERSION OF CHEMICAL INTO ELECTRICAL ENERGY",Fuel cells; Manufacture thereof
H01Q1,BASIC ELECTRIC ELEMENTS,AERIALS,"Details of, or arrangements associated with, aerials"
H01Q3,BASIC ELECTRIC ELEMENTS,AERIALS,Arrangements for changing or varying the orientation or the shape of the directional pattern of the waves radiated from an aerial or aerial system
H01R29,BASIC ELECTRIC ELEMENTS,LINE CONNECTORS; CURRENT COLLECTORS,"Coupling parts for selective co-operation with a counterpart in different ways to establish different circuits, e.g. for voltage selection, for series-parallel selection, programmable connectors"
H01R31,BASIC ELECTRIC ELEMENTS,LINE CONNECTORS; CURRENT COLLECTORS,Coupling parts supported only by co-operation with counterpart
H01R43,BASIC ELECTRIC ELEMENTS,LINE CONNECTORS; CURRENT COLLECTORS,"Apparatus or processes specially adapted for manufacturing, assembling, maintaining, or repairing of line connectors or current connectors or for joining electric conductors"
H01S3,BASIC ELECTRIC ELEMENTS,DEVICES USING STIMULATED EMISSION,"Lasers, i.e. devices for generation, amplification, modulation, demodulation, or frequency-changing, using stimulated emission, of infra-red, visible, or ultra-violet waves"
H01S5,BASIC ELECTRIC ELEMENTS,DEVICES USING STIMULATED EMISSION,Semiconductor lasers
H02G11,GENERATION; CONVERSION OR DISTRIBUTION OF ELECTRIC POWER,"INSTALLATION OF ELECTRIC CABLES OR LINES, OR OF COMBINED OPTICAL AND ELECTRIC CABLES OR LINES",Arrangements of electric cables or lines between relatively-movable parts
H02G5,GENERATION; CONVERSION OR DISTRIBUTION OF ELECTRIC POWER,"INSTALLATION OF ELECTRIC CABLES OR LINES, OR OF COMBINED OPTICAL AND ELECTRIC CABLES OR LINES",Installations of bus-bars
H02H1,GENERATION; CONVERSION OR DISTRIBUTION OF ELECTRIC POWER,EMERGENCY PROTECTIVE CIRCUIT ARRANGEMENTS,Details of emergency protective circuit arrangements
H02H11,GENERATION; CONVERSION OR DISTRIBUTION OF ELECTRIC POWER,EMERGENCY PROTECTIVE CIRCUIT ARRANGEMENTS,Emergency protective circuit arrangements for preventing the switching-on in case an undesired electric working condition might result
H02H3,GENERATION; CONVERSION OR DISTRIBUTION OF ELECTRIC POWER,EMERGENCY PROTECTIVE CIRCUIT ARRANGEMENTS,Emergency protective circuit arrangements for automatic disconnection directly responsive to an undesired change from normal electric working condition with or without subsequent reconnection integrated?
H02H7,GENERATION; CONVERSION OR DISTRIBUTION OF ELECTRIC POWER,EMERGENCY PROTECTIVE CIRCUIT ARRANGEMENTS,"Emergency protective circuit arrangements specially adapted for specific types of electric machines or apparatus or for sectionalised protection of cable or line systems, and effecting automatic switching in the event of an undesired change from normal working conditions"
H02H9,GENERATION; CONVERSION OR DISTRIBUTION OF ELECTRIC POWER,EMERGENCY PROTECTIVE CIRCUIT ARRANGEMENTS,Emergency protective circuit arrangements for limiting excess current or voltage without disconnection
H02J5,GENERATION; CONVERSION OR DISTRIBUTION OF ELECTRIC POWER,CIRCUIT ARRANGEMENTS OR SYSTEMS FOR SUPPLYING OR DISTRIBUTING ELECTRIC POWER; SYSTEMS FOR STORING ELECTRIC ENERGY,Circuit arrangements for transfer of electric power between ac networks and dc networks
H02J7,GENERATION; CONVERSION OR DISTRIBUTION OF ELECTRIC POWER,CIRCUIT ARRANGEMENTS OR SYSTEMS FOR SUPPLYING OR DISTRIBUTING ELECTRIC POWER; SYSTEMS FOR STORING ELECTRIC ENERGY,Circuit arrangements for charging or depolarising batteries or for supplying loads from batteries
H02M1,GENERATION; CONVERSION OR DISTRIBUTION OF ELECTRIC POWER,"APPARATUS FOR CONVERSION BETWEEN AC AND AC, BETWEEN AC AND DC, OR BETWEEN DC AND DC, AND FOR USE WITH MAINS OR SIMILAR POWER SUPPLY SYSTEMS; CONVERSION OF DC OR AC INPUT POWER INTO SURGE OUTPUT POWER; CONTROL OR REGULATION THEREOF",Details of apparatus for conversion
H02M5,GENERATION; CONVERSION OR DISTRIBUTION OF ELECTRIC POWER,"APPARATUS FOR CONVERSION BETWEEN AC AND AC, BETWEEN AC AND DC, OR BETWEEN DC AND DC, AND FOR USE WITH MAINS OR SIMILAR POWER SUPPLY SYSTEMS; CONVERSION OF DC OR AC INPUT POWER INTO SURGE OUTPUT POWER; CONTROL OR REGULATION THEREOF","Conversion of ac power input into ac power output, e.g. for change of voltage, for change of frequency, for change of number of phases"
H02M7,GENERATION; CONVERSION OR DISTRIBUTION OF ELECTRIC POWER,"APPARATUS FOR CONVERSION BETWEEN AC AND AC, BETWEEN AC AND DC, OR BETWEEN DC AND DC, AND FOR USE WITH MAINS OR SIMILAR POWER SUPPLY SYSTEMS; CONVERSION OF DC OR AC INPUT POWER INTO SURGE OUTPUT POWER; CONTROL OR REGULATION THEREOF",Conversion of ac power input into dc power output; Conversion of dc power input into ac power output
H03F2200,BASIC ELECTRONIC CIRCUITRY,AMPLIFIERS,Indexing scheme relating to amplifiers
H03F3,BASIC ELECTRONIC CIRCUITRY,AMPLIFIERS,Amplifiers with only discharge tubes or only semiconductor devices as amplifying elements
H03G11,BASIC ELECTRONIC CIRCUITRY,CONTROL OF AMPLIFICATION,Limiting amplitude; Limiting rate of change of amplitude;Clipping in general
H03G3,BASIC ELECTRONIC CIRCUITRY,CONTROL OF AMPLIFICATION,Gain control in amplifiers or frequency changers without distortion of the input signal
H03H17,BASIC ELECTRONIC CIRCUITRY,"IMPEDANCE NETWORKS, e.g. RESONANT CIRCUITS; RESONATORS",Networks using digital techniques
H03J35,GENERATION; CONVERSION OR DISTRIBUTION OF ELECTRIC POWER,ELECTRIC DISCHARGE TUBES OR DISCHARGE LAMPS,X-ray tubes
H03K17,BASIC ELECTRONIC CIRCUITRY,PULSE TECHNIQUE,"Electronic switching or gating, i.e. not by contact-making or -braking"
H03K21,BASIC ELECTRONIC CIRCUITRY,PULSE TECHNIQUE,Details of pulse counters or frequency dividers
H03K23,BASIC ELECTRONIC CIRCUITRY,PULSE TECHNIQUE,Pulse counters comprising counting chains; Frequency dividers comprising counting chains
H03K3,BASIC ELECTRONIC CIRCUITRY,PULSE TECHNIQUE,"Circuits for generating electric pulses; Monostable, bistable or multistable circuits"
H03K4,BASIC ELECTRONIC CIRCUITRY,PULSE TECHNIQUE,Generating pulses having essentially a finite slope or stepped portions
H03K5,BASIC ELECTRONIC CIRCUITRY,PULSE TECHNIQUE,Manipulating pulses not covered by one of the other main groups in this subclass
H03L5,BASIC ELECTRONIC CIRCUITRY,"AUTOMATIC CONTROL, STARTING, SYNCHRONISATION, OR STABILISATION OF GENERATORS OF ELECTRONIC OSCILLATIONS OR PULSES","Automatic control of voltage, current, or power"
H03M1,BASIC ELECTRONIC CIRCUITRY,CODING; DECODING; CODE CONVERSION IN GENERAL,Analogue/digital conversion; Digital/analogue conversion
H04B10,ELECTRIC COMMUNICATION TECHNIQUE,TRANSMISSION,"Transmission systems employing electromagnetic waves other than radio-waves, e.g. infrared, visible or ultraviolet light, or employing corpuscular radiation, e.g. quantum communication"
H04B11,ELECTRIC COMMUNICATION TECHNIQUE,TRANSMISSION,"Transmission systems employing sonic, ultrasonic or infrasonic waves"
H04B13,ELECTRIC COMMUNICATION TECHNIQUE,TRANSMISSION,"Transmission systems characterised by the medium used for transmission, not provided for in groups H04B3/00 to H04B11/00"
H04B14,ELECTRIC COMMUNICATION TECHNIQUE,TRANSMISSION,Transmission systems not characterised by the medium used for transmission
H04L12,ELECTRIC COMMUNICATION TECHNIQUE,"TRANSMISSION OF DIGITAL INFORMATION, e.g. TELEGRAPHIC COMMUNICATION",Data switching networks
H04N1,ELECTRIC COMMUNICATION TECHNIQUE,TRANSMISSION,"Scanning, transmission or reproduction of documents or the like, e.g. facsimile transmission; Details thereof"
H04N11,ELECTRIC COMMUNICATION TECHNIQUE,TRANSMISSION,Colour television systems
H04N19,ELECTRIC COMMUNICATION TECHNIQUE,TRANSMISSION,"Methods or arrangements for coding, decoding, compressing or decompressing digital video signals"
H04N21,ELECTRIC COMMUNICATION TECHNIQUE,TRANSMISSION,"Scanning, transmission or reproduction of documents or the like, e.g. facsimile transmission; Details thereof"
H04N3,ELECTRIC COMMUNICATION TECHNIQUE,TRANSMISSION,Scanning details of television systems
H04N5,ELECTRIC COMMUNICATION TECHNIQUE,TRANSMISSION,Details of television systems
H04N5,ELECTRIC COMMUNICATION TECHNIQUE,"PICTORIAL COMMUNICATION, e.g. TELEVISION",Details of television systems
H04N7,ELECTRIC COMMUNICATION TECHNIQUE,TRANSMISSION,Television systems
H04N9,ELECTRIC COMMUNICATION TECHNIQUE,"PICTORIAL COMMUNICATION, e.g. TELEVISION",Details of colour television systems
H04Q9,ELECTRIC COMMUNICATION TECHNIQUE,SELECTING,"Arrangements in telecontrol or telemetry systems for selectively calling a substation from a main station, in which substation desired apparatus is selected for applying a control signal thereto or for obtaining measured values therefrom"
H04R19,ELECTRIC COMMUNICATION TECHNIQUE,"LOUDSPEAKERS, MICROPHONES, GRAMOPHONE PICK-UPS OR LIKE ACOUSTIC ELECTROMECHANICAL TRANSDUCERS; DEAF-AID SETS; PUBLIC ADDRESS SYSTEMS",Electrostatic transducers
H05B2213,ELECTRIC TECHNIQUES NOT OTHERWISE PROVIDED FOR,ELECTRIC HEATING; ELECTRIC LIGHTING NOT OTHERWISE PROVIDED FOR,"Aspects relating both to resistive heating and to induction heating, covered by H05B3/00 and H05B6/00"
H05B3,ELECTRIC TECHNIQUES NOT OTHERWISE PROVIDED FOR,ELECTRIC HEATING; ELECTRIC LIGHTING NOT OTHERWISE PROVIDED FOR,Ohmic-resistance heating
H05G1,ELECTRIC TECHNIQUES NOT OTHERWISE PROVIDED FOR,X-RAY TECHNIQUE,X-ray apparatus involving X-ray tubes; circuits therefor
H05K1,ELECTRIC TECHNIQUES NOT OTHERWISE PROVIDED FOR,PRINTED CIRCUITS; CASINGS OR CONSTRUCTIONAL DETAILS OF ELECTRIC APPARATUS; MANUFACTURE OF ASSEMBLAGES OF ELECTRICAL COMPONENTS,Printed circuits
H05K2201,ELECTRIC TECHNIQUES NOT OTHERWISE PROVIDED FOR,PRINTED CIRCUITS; CASINGS OR CONSTRUCTIONAL DETAILS OF ELECTRIC APPARATUS; MANUFACTURE OF ASSEMBLAGES OF ELECTRICAL COMPONENTS,Indexing scheme relating to printed circuits covered by H05K1/00
H05K3,ELECTRIC TECHNIQUES NOT OTHERWISE PROVIDED FOR,PRINTED CIRCUITS; CASINGS OR CONSTRUCTIONAL DETAILS OF ELECTRIC APPARATUS; MANUFACTURE OF ASSEMBLAGES OF ELECTRICAL COMPONENTS,Apparatus or processes for manufacturing printed circuits
H05K7,ELECTRIC TECHNIQUES NOT OTHERWISE PROVIDED FOR,PRINTED CIRCUITS; CASINGS OR CONSTRUCTIONAL DETAILS OF ELECTRIC APPARATUS; MANUFACTURE OF ASSEMBLAGES OF ELECTRICAL COMPONENTS,Constructional details common to different types of electric apparatus
Y01S516,TECHNICAL SUBJECTS COVERED BY FORMER USPC,TECHNICAL SUBJECTS COVERED BY FORMER USPC CROSS-REFERENCE ART COLLECTIONS [XRACs] AND DIGESTS,Colloid systems and wetting agents; subcombinations thereof; processes of
Y01T408,TECHNICAL SUBJECTS COVERED BY FORMER USPC,TECHNICAL SUBJECTS COVERED BY FORMER US CLASSIFICATION,Cutting by use of rotating axially moving tool
Y02T30,TECHNOLOGIES OR APPLICATIONS FOR MITIGATION OR ADAPTATION AGAINST CLIMATE CHANGE,CLIMATE CHANGE MITIGATION TECHNOLOGIES RELATED TO TRANSPORTATION,Transportation of goods or passengers via railways
Y10S128,TECHNICAL SUBJECTS COVERED BY FORMER USPC,ECHNICAL SUBJECTS COVERED BY FORMER USPC CROSS-REFERENCE ART COLLECTIONS [XRACs] AND DIGESTS,Surgery
Y10S180,TECHNICAL SUBJECTS COVERED BY FORMER USPC,ECHNICAL SUBJECTS COVERED BY FORMER USPC CROSS-REFERENCE ART COLLECTIONS [XRACs] AND DIGESTS,Motor vehicles
Y10S181,TECHNICAL SUBJECTS COVERED BY FORMER USPC,ECHNICAL SUBJECTS COVERED BY FORMER USPC CROSS-REFERENCE ART COLLECTIONS [XRACs] AND DIGESTS,Acoustics
Y10S336,TECHNICAL SUBJECTS COVERED BY FORMER USPC,ECHNICAL SUBJECTS COVERED BY FORMER USPC CROSS-REFERENCE ART COLLECTIONS [XRACs] AND DIGESTS,Inductor devices
Y10S345,TECHNICAL SUBJECTS COVERED BY FORMER USPC,ECHNICAL SUBJECTS COVERED BY FORMER USPC CROSS-REFERENCE ART COLLECTIONS [XRACs] AND DIGESTS,Computer graphics processing and selective visual display systems
Y10S348,TECHNICAL SUBJECTS COVERED BY FORMER USPC,ECHNICAL SUBJECTS COVERED BY FORMER USPC CROSS-REFERENCE ART COLLECTIONS [XRACs] AND DIGESTS,Television
Y10S359,TECHNICAL SUBJECTS COVERED BY FORMER USPC,ECHNICAL SUBJECTS COVERED BY FORMER USPC CROSS-REFERENCE ART COLLECTIONS [XRACs] AND DIGESTS,Optical: systems and elements
Y10S359,TECHNICAL SUBJECTS COVERED BY FORMER USPC,ECHNICAL SUBJECTS COVERED BY FORMER USPC CROSS-REFERENCE ART COLLECTIONS [XRACs] AND DIGESTS,Optical: systems and elements
Y10S367,TECHNICAL SUBJECTS COVERED BY FORMER USPC,ECHNICAL SUBJECTS COVERED BY FORMER USPC CROSS-REFERENCE ART COLLECTIONS [XRACs] AND DIGESTS,"Communications, electrical: acoustic wave systems and devices"
Y10S37,TECHNICAL SUBJECTS COVERED BY FORMER USPC,ECHNICAL SUBJECTS COVERED BY FORMER USPC CROSS-REFERENCE ART COLLECTIONS [XRACs] AND DIGESTS,Excavating
Y10S378,TECHNICAL SUBJECTS COVERED BY FORMER USPC,ECHNICAL SUBJECTS COVERED BY FORMER USPC CROSS-REFERENCE ART COLLECTIONS [XRACs] AND DIGESTS,X-ray or gamma ray systems or devices
Y10S414,TECHNICAL SUBJECTS COVERED BY FORMER USPC,ECHNICAL SUBJECTS COVERED BY FORMER USPC CROSS-REFERENCE ART COLLECTIONS [XRACs] AND DIGESTS,Material or article handling
Y10S430,TECHNICAL SUBJECTS COVERED BY FORMER USPC,ECHNICAL SUBJECTS COVERED BY FORMER USPC CROSS-REFERENCE ART COLLECTIONS [XRACs] AND DIGESTS,"Radiation imagery chemistry: process, composition, or product thereof"
Y10S438,TECHNICAL SUBJECTS COVERED BY FORMER USPC,ECHNICAL SUBJECTS COVERED BY FORMER USPC CROSS-REFERENCE ART COLLECTIONS [XRACs] AND DIGESTS,semiconductor device manufacturing: process
Y10S5,TECHNICAL SUBJECTS COVERED BY FORMER USPC,ECHNICAL SUBJECTS COVERED BY FORMER USPC CROSS-REFERENCE ART COLLECTIONS [XRACs] AND DIGESTS,Beds
Y10S514,TECHNICAL SUBJECTS COVERED BY FORMER USPC,ECHNICAL SUBJECTS COVERED BY FORMER USPC CROSS-REFERENCE ART COLLECTIONS [XRACs] AND DIGESTS,"Drug, bio-affecting and body treating compositions"
Y10S522,TECHNICAL SUBJECTS COVERED BY FORMER USPC,ECHNICAL SUBJECTS COVERED BY FORMER USPC CROSS-REFERENCE ART COLLECTIONS [XRACs] AND DIGESTS,Synthetic resins or natural rubbers -- part of the class 520 series
Y10S604,TECHNICAL SUBJECTS COVERED BY FORMER USPC,ECHNICAL SUBJECTS COVERED BY FORMER USPC CROSS-REFERENCE ART COLLECTIONS [XRACs] AND DIGESTS,Surgery
Y10S606,TECHNICAL SUBJECTS COVERED BY FORMER USPC,ECHNICAL SUBJECTS COVERED BY FORMER USPC CROSS-REFERENCE ART COLLECTIONS [XRACs] AND DIGESTS,Surgery
Y10S706,TECHNICAL SUBJECTS COVERED BY FORMER USPC,ECHNICAL SUBJECTS COVERED BY FORMER USPC CROSS-REFERENCE ART COLLECTIONS [XRACs] AND DIGESTS,Data processing: artificial intelligence
Y10S73,TECHNICAL SUBJECTS COVERED BY FORMER USPC,ECHNICAL SUBJECTS COVERED BY FORMER USPC CROSS-REFERENCE ART COLLECTIONS [XRACs] AND DIGESTS,Measuring and testing
Y10T117,TECHNICAL SUBJECTS COVERED BY FORMER USPC,TECHNICAL SUBJECTS COVERED BY FORMER US CLASSIFICATION,"Single-crystal, oriented-crystal, and epitaxy growth processes; non-coating apparatus therefor"
Y10T137,TECHNICAL SUBJECTS COVERED BY FORMER USPC,TECHNICAL SUBJECTS COVERED BY FORMER US CLASSIFICATION,Fluid handling
Y10T16,TECHNICAL SUBJECTS COVERED BY FORMER USPC,TECHNICAL SUBJECTS COVERED BY FORMER US CLASSIFICATION,"Miscellaneous hardware [e.g., bushing, carpet fastener, caster, door closer, panel hanger, attachable or adjunct handle, hinge, window sash balance, etc.]"
Y10T24,TECHNICAL SUBJECTS COVERED BY FORMER USPC,TECHNICAL SUBJECTS COVERED BY FORMER US CLASSIFICATION,"Buckles, buttons, clasps, etc."
Y10T29,TECHNICAL SUBJECTS COVERED BY FORMER USPC,TECHNICAL SUBJECTS COVERED BY FORMER US CLASSIFICATION,Metal working
Y10T307,TECHNICAL SUBJECTS COVERED BY FORMER USPC,TECHNICAL SUBJECTS COVERED BY FORMER US CLASSIFICATION,Electrical transmission or interconnection systems
Y10T428,TECHNICAL SUBJECTS COVERED BY FORMER USPC,TECHNICAL SUBJECTS COVERED BY FORMER US CLASSIFICATION,Stock material or miscellaneous articles
Y10T74,TECHNICAL SUBJECTS COVERED BY FORMER USPC,TECHNICAL SUBJECTS COVERED BY FORMER US CLASSIFICATION,Machine element or mechanism
